datasource_id,resource_id,email,permission_id,permission_type,exposure_type,expiration_time,is_deleted
0f3838b0-be97-46be-b3b5-82266578582e,0B1By_dYL1Segc3RhcnRlcl9maWxlX2Rhc2hlclYw,engg_user_2@adyatest.com,08464589733960295116,owner,INT,,0
0f3838b0-be97-46be-b3b5-82266578582e,0B4-LaxmBsTrSc3RhcnRlcl9maWxlX2Rhc2hlclYw,mktg_user_2@adyatest.com,13701269247808531792,owner,INT,,0
0f3838b0-be97-46be-b3b5-82266578582e,0B6qNOXm_mV4pc3RhcnRlcl9maWxlX2Rhc2hlclYw,sales_user_1@adyatest.com,11667871528211765552,owner,INT,,0
0f3838b0-be97-46be-b3b5-82266578582e,0B7uXfe3uom3Pc3RhcnRlcl9maWxlX2Rhc2hlclYw,mktg_user_1@adyatest.com,15769082913330939955,owner,INT,,0
0f3838b0-be97-46be-b3b5-82266578582e,0B83elL9xsDrSc3RhcnRlcl9maWxlX2Rhc2hlclYw,deepak@adyatest.com,08005348925248457086,owner,INT,,0
0f3838b0-be97-46be-b3b5-82266578582e,0B9a35ZK_q-DNc3RhcnRlcl9maWxlX2Rhc2hlclYw,finance_user_1@adyatest.com,16976026887258534575,owner,INT,,0
0f3838b0-be97-46be-b3b5-82266578582e,0Bwtqz1A5kXeMc3RhcnRlcl9maWxlX2Rhc2hlclYw,sales_user_2@adyatest.com,00393929978492690049,owner,INT,,0
0f3838b0-be97-46be-b3b5-82266578582e,0BzCPrivOhR5Ic3RhcnRlcl9maWxlX2Rhc2hlclYw,engg_user_1@adyatest.com,00073409170730105766,owner,INT,,0
0f3838b0-be97-46be-b3b5-82266578582e,0BzZovLP6dwqic3RhcnRlcl9maWxlX2Rhc2hlclYw,amit.agarwal@adyatest.com,15822257534904705980,owner,INT,,0
0f3838b0-be97-46be-b3b5-82266578582e,1-Fm6udjfnrHGWwPbHHPZ5Bz5YgouDy_c,deepak@adyatest.com,08005348925248457086,owner,INT,,0
0f3838b0-be97-46be-b3b5-82266578582e,1-Fm6udjfnrHGWwPbHHPZ5Bz5YgouDy_c,mktg@adyatest.com,06884616684275021194,writer,INT,,0
0f3838b0-be97-46be-b3b5-82266578582e,1-rgS4ufvqR_pBqw01ZGa_fNJEBQFoGmY,deepak@adyatest.com,08005348925248457086,writer,INT,,0
0f3838b0-be97-46be-b3b5-82266578582e,1-rgS4ufvqR_pBqw01ZGa_fNJEBQFoGmY,sales@adyatest.com,03673162328506403042,writer,INT,,0
0f3838b0-be97-46be-b3b5-82266578582e,1-rgS4ufvqR_pBqw01ZGa_fNJEBQFoGmY,sales_user_1@adyatest.com,11667871528211765552,owner,INT,,0
0f3838b0-be97-46be-b3b5-82266578582e,1-Uz0nwbxxPzVrJVWx1i2M8D4HHGJvb64,deepak@adyatest.com,08005348925248457086,writer,INT,,0
0f3838b0-be97-46be-b3b5-82266578582e,1-Uz0nwbxxPzVrJVWx1i2M8D4HHGJvb64,sales@adyatest.com,03673162328506403042,writer,INT,,0
0f3838b0-be97-46be-b3b5-82266578582e,1-Uz0nwbxxPzVrJVWx1i2M8D4HHGJvb64,sales_user_2@adyatest.com,00393929978492690049,owner,INT,,0
0f3838b0-be97-46be-b3b5-82266578582e,1-Uz0nwbxxPzVrJVWx1i2M8D4HHGJvb64,__ANYONE__@adyatest.com,09522562856373921280k,reader,DOMAIN,,0
0f3838b0-be97-46be-b3b5-82266578582e,100JaH87iyZo2itg7fhYHbIKHPZxcFAxu,deepak@adyatest.com,08005348925248457086,writer,INT,,0
0f3838b0-be97-46be-b3b5-82266578582e,100JaH87iyZo2itg7fhYHbIKHPZxcFAxu,mktg@adyatest.com,06884616684275021194,writer,INT,,0
0f3838b0-be97-46be-b3b5-82266578582e,100JaH87iyZo2itg7fhYHbIKHPZxcFAxu,sales@adyatest.com,03673162328506403042,writer,INT,,0
0f3838b0-be97-46be-b3b5-82266578582e,100JaH87iyZo2itg7fhYHbIKHPZxcFAxu,sales_user_2@adyatest.com,00393929978492690049,owner,INT,,0
0f3838b0-be97-46be-b3b5-82266578582e,104pF728474Q0qIY9XmpbaEsClwAC48Jy,deepak@adyatest.com,08005348925248457086,writer,INT,,0
0f3838b0-be97-46be-b3b5-82266578582e,104pF728474Q0qIY9XmpbaEsClwAC48Jy,engg@adyatest.com,05396706730572163622,writer,INT,,0
0f3838b0-be97-46be-b3b5-82266578582e,104pF728474Q0qIY9XmpbaEsClwAC48Jy,engg_user_1@adyatest.com,00073409170730105766,owner,INT,,0
0f3838b0-be97-46be-b3b5-82266578582e,10eWGN88J8GrycBUQw_MvL-ZEKC-KrIC1,deepak@adyatest.com,08005348925248457086,owner,INT,,0
0f3838b0-be97-46be-b3b5-82266578582e,10eWGN88J8GrycBUQw_MvL-ZEKC-KrIC1,mktg@adyatest.com,06884616684275021194,writer,INT,,0
0f3838b0-be97-46be-b3b5-82266578582e,10eWGN88J8GrycBUQw_MvL-ZEKC-KrIC1,sales@adyatest.com,03673162328506403042,writer,INT,,0
0f3838b0-be97-46be-b3b5-82266578582e,10fMY1U1t5oYoA0cWV2yzatzWY4rpvPse,deepak@adyatest.com,08005348925248457086,owner,INT,,0
0f3838b0-be97-46be-b3b5-82266578582e,10fMY1U1t5oYoA0cWV2yzatzWY4rpvPse,mktg@adyatest.com,06884616684275021194,writer,INT,,0
0f3838b0-be97-46be-b3b5-82266578582e,10G9nKPyUg9hIUYwoXcFHX8yT5z_qbLQN,deepak@adyatest.com,08005348925248457086,writer,INT,,0
0f3838b0-be97-46be-b3b5-82266578582e,10G9nKPyUg9hIUYwoXcFHX8yT5z_qbLQN,sales@adyatest.com,03673162328506403042,writer,INT,,0
0f3838b0-be97-46be-b3b5-82266578582e,10G9nKPyUg9hIUYwoXcFHX8yT5z_qbLQN,sales_user_1@adyatest.com,11667871528211765552,owner,INT,,0
0f3838b0-be97-46be-b3b5-82266578582e,11640q5EAoXbfeyf0_cei7ttaTerKR9HM,deepak@adyatest.com,08005348925248457086,owner,INT,,0
0f3838b0-be97-46be-b3b5-82266578582e,11640q5EAoXbfeyf0_cei7ttaTerKR9HM,mktg@adyatest.com,06884616684275021194,writer,INT,,0
0f3838b0-be97-46be-b3b5-82266578582e,11640q5EAoXbfeyf0_cei7ttaTerKR9HM,sales@adyatest.com,03673162328506403042,writer,INT,,0
0f3838b0-be97-46be-b3b5-82266578582e,11fd8mj3Ko-NNdd1s4xk-rwTXS1HrYKM1,deepak@adyatest.com,08005348925248457086,owner,INT,,0
0f3838b0-be97-46be-b3b5-82266578582e,11fd8mj3Ko-NNdd1s4xk-rwTXS1HrYKM1,sales@adyatest.com,03673162328506403042,writer,INT,,0
0f3838b0-be97-46be-b3b5-82266578582e,11v0OcWAm5DAXKLaC71gTffsyrX36k0zW,deepak@adyatest.com,08005348925248457086,owner,INT,,0
0f3838b0-be97-46be-b3b5-82266578582e,11v0OcWAm5DAXKLaC71gTffsyrX36k0zW,mktg@adyatest.com,06884616684275021194,writer,INT,,0
0f3838b0-be97-46be-b3b5-82266578582e,11v0OcWAm5DAXKLaC71gTffsyrX36k0zW,PUBLIC,anyoneWithLink,reader,PUBLIC,,0
0f3838b0-be97-46be-b3b5-82266578582e,12DeoDIE106_vCk4OC5wSI7GTmOoUaSQM,deepak@adyatest.com,08005348925248457086,writer,INT,,0
0f3838b0-be97-46be-b3b5-82266578582e,12DeoDIE106_vCk4OC5wSI7GTmOoUaSQM,mktg@adyatest.com,06884616684275021194,writer,INT,,0
0f3838b0-be97-46be-b3b5-82266578582e,12DeoDIE106_vCk4OC5wSI7GTmOoUaSQM,mktg_user_2@adyatest.com,13701269247808531792,owner,INT,,0
0f3838b0-be97-46be-b3b5-82266578582e,12DeoDIE106_vCk4OC5wSI7GTmOoUaSQM,PUBLIC,anyone,reader,PUBLIC,,0
0f3838b0-be97-46be-b3b5-82266578582e,13oe1yH5UK4vC2pFNz0rURlcTqVgFCVN1,deepak@adyatest.com,08005348925248457086,writer,INT,,0
0f3838b0-be97-46be-b3b5-82266578582e,13oe1yH5UK4vC2pFNz0rURlcTqVgFCVN1,sales@adyatest.com,03673162328506403042,writer,INT,,0
0f3838b0-be97-46be-b3b5-82266578582e,13oe1yH5UK4vC2pFNz0rURlcTqVgFCVN1,sales_user_2@adyatest.com,00393929978492690049,owner,INT,,0
0f3838b0-be97-46be-b3b5-82266578582e,13oe1yH5UK4vC2pFNz0rURlcTqVgFCVN1,__ANYONE__@adyatest.com,09522562856373921280k,reader,DOMAIN,,0
0f3838b0-be97-46be-b3b5-82266578582e,13z2QJPUKhYBJCT3nGGruQ6V3yM2UJzoe,deepak@adyatest.com,08005348925248457086,owner,INT,,0
0f3838b0-be97-46be-b3b5-82266578582e,13z2QJPUKhYBJCT3nGGruQ6V3yM2UJzoe,sales@adyatest.com,03673162328506403042,writer,INT,,0
0f3838b0-be97-46be-b3b5-82266578582e,13z2QJPUKhYBJCT3nGGruQ6V3yM2UJzoe,__ANYONE__@adyatest.com,09522562856373921280k,reader,DOMAIN,,0
0f3838b0-be97-46be-b3b5-82266578582e,14IksHoiJJ3inktA2QPXeFpn7Kjycf-VC,deepak@adyatest.com,08005348925248457086,writer,INT,,0
0f3838b0-be97-46be-b3b5-82266578582e,14IksHoiJJ3inktA2QPXeFpn7Kjycf-VC,mktg@adyatest.com,06884616684275021194,writer,INT,,0
0f3838b0-be97-46be-b3b5-82266578582e,14IksHoiJJ3inktA2QPXeFpn7Kjycf-VC,mktg_user_2@adyatest.com,13701269247808531792,owner,INT,,0
0f3838b0-be97-46be-b3b5-82266578582e,14IksHoiJJ3inktA2QPXeFpn7Kjycf-VC,__ANYONE__@adyatest.com,09522562856373921280k,writer,DOMAIN,,0
0f3838b0-be97-46be-b3b5-82266578582e,14jiD7EaXeBloetQna3VXr5mjkaTrNhRL,deepak@adyatest.com,08005348925248457086,owner,INT,,0
0f3838b0-be97-46be-b3b5-82266578582e,14jiD7EaXeBloetQna3VXr5mjkaTrNhRL,mktg@adyatest.com,06884616684275021194,writer,INT,,0
0f3838b0-be97-46be-b3b5-82266578582e,14jiD7EaXeBloetQna3VXr5mjkaTrNhRL,__ANYONE__@adyatest.com,09522562856373921280k,writer,DOMAIN,,0
0f3838b0-be97-46be-b3b5-82266578582e,14m6eQYbkm7oyQeGuQbTbweKZFyVwbP7t,deepak@adyatest.com,08005348925248457086,owner,INT,,0
0f3838b0-be97-46be-b3b5-82266578582e,14m6eQYbkm7oyQeGuQbTbweKZFyVwbP7t,engg@adyatest.com,05396706730572163622,writer,INT,,0
0f3838b0-be97-46be-b3b5-82266578582e,14m6eQYbkm7oyQeGuQbTbweKZFyVwbP7t,engg_user_1@adyatest.com,00073409170730105766,writer,INT,,0
0f3838b0-be97-46be-b3b5-82266578582e,14oW8ztckIDceXB3-yCvuicdQh0cmLvMD,deepak@adyatest.com,08005348925248457086,writer,INT,,0
0f3838b0-be97-46be-b3b5-82266578582e,14oW8ztckIDceXB3-yCvuicdQh0cmLvMD,sales@adyatest.com,03673162328506403042,writer,INT,,0
0f3838b0-be97-46be-b3b5-82266578582e,14oW8ztckIDceXB3-yCvuicdQh0cmLvMD,sales_user_1@adyatest.com,11667871528211765552,owner,INT,,0
0f3838b0-be97-46be-b3b5-82266578582e,15KI2jCTnZaWrAtuJ7At6qlrB4_5ZUMlR,deepak@adyatest.com,08005348925248457086,writer,INT,,0
0f3838b0-be97-46be-b3b5-82266578582e,15KI2jCTnZaWrAtuJ7At6qlrB4_5ZUMlR,mktg@adyatest.com,06884616684275021194,writer,INT,,0
0f3838b0-be97-46be-b3b5-82266578582e,15KI2jCTnZaWrAtuJ7At6qlrB4_5ZUMlR,sales@adyatest.com,03673162328506403042,writer,INT,,0
0f3838b0-be97-46be-b3b5-82266578582e,15KI2jCTnZaWrAtuJ7At6qlrB4_5ZUMlR,sales_user_2@adyatest.com,00393929978492690049,owner,INT,,0
0f3838b0-be97-46be-b3b5-82266578582e,15ouMIIF04crVo-7Nw3dQ1MD_2BlwHf0l,deepak@adyatest.com,08005348925248457086,writer,INT,,0
0f3838b0-be97-46be-b3b5-82266578582e,15ouMIIF04crVo-7Nw3dQ1MD_2BlwHf0l,mktg@adyatest.com,06884616684275021194,writer,INT,,0
0f3838b0-be97-46be-b3b5-82266578582e,15ouMIIF04crVo-7Nw3dQ1MD_2BlwHf0l,mktg_user_2@adyatest.com,13701269247808531792,owner,INT,,0
0f3838b0-be97-46be-b3b5-82266578582e,15ouMIIF04crVo-7Nw3dQ1MD_2BlwHf0l,PUBLIC,anyoneWithLink,reader,PUBLIC,,0
0f3838b0-be97-46be-b3b5-82266578582e,15Tt148_p1SfPPf5KgZBVxQjEejEoCRVt,deepak@adyatest.com,08005348925248457086,owner,INT,,0
0f3838b0-be97-46be-b3b5-82266578582e,15Tt148_p1SfPPf5KgZBVxQjEejEoCRVt,mktg@adyatest.com,06884616684275021194,writer,INT,,0
0f3838b0-be97-46be-b3b5-82266578582e,15Tt148_p1SfPPf5KgZBVxQjEejEoCRVt,__ANYONE__@adyatest.com,09522562856373921280k,writer,DOMAIN,,0
0f3838b0-be97-46be-b3b5-82266578582e,16YCEv854OmVX7nCF2EEA-DVRKxg-KFkX,deepak@adyatest.com,08005348925248457086,writer,INT,,0
0f3838b0-be97-46be-b3b5-82266578582e,16YCEv854OmVX7nCF2EEA-DVRKxg-KFkX,engg@adyatest.com,05396706730572163622,writer,INT,,0
0f3838b0-be97-46be-b3b5-82266578582e,16YCEv854OmVX7nCF2EEA-DVRKxg-KFkX,engg_user_1@adyatest.com,00073409170730105766,owner,INT,,0
0f3838b0-be97-46be-b3b5-82266578582e,16ZoG6UYmJnfCssK0m3m8WDo12TgsOEny,deepak@adyatest.com,08005348925248457086,writer,INT,,0
0f3838b0-be97-46be-b3b5-82266578582e,16ZoG6UYmJnfCssK0m3m8WDo12TgsOEny,mktg@adyatest.com,06884616684275021194,writer,INT,,0
0f3838b0-be97-46be-b3b5-82266578582e,16ZoG6UYmJnfCssK0m3m8WDo12TgsOEny,mktg_user_2@adyatest.com,13701269247808531792,owner,INT,,0
0f3838b0-be97-46be-b3b5-82266578582e,16ZoG6UYmJnfCssK0m3m8WDo12TgsOEny,sales@adyatest.com,03673162328506403042,writer,INT,,0
0f3838b0-be97-46be-b3b5-82266578582e,174ADorLhsr5XFD5GZZ_MBObvkUlrWt_f,deepak@adyatest.com,08005348925248457086,writer,INT,,0
0f3838b0-be97-46be-b3b5-82266578582e,174ADorLhsr5XFD5GZZ_MBObvkUlrWt_f,mktg@adyatest.com,06884616684275021194,writer,INT,,0
0f3838b0-be97-46be-b3b5-82266578582e,174ADorLhsr5XFD5GZZ_MBObvkUlrWt_f,sales@adyatest.com,03673162328506403042,writer,INT,,0
0f3838b0-be97-46be-b3b5-82266578582e,174ADorLhsr5XFD5GZZ_MBObvkUlrWt_f,sales_user_2@adyatest.com,00393929978492690049,owner,INT,,0
0f3838b0-be97-46be-b3b5-82266578582e,17fpXIN7XKY_CDYHyPQ4XH9v2u3EYSm3W,deepak@adyatest.com,08005348925248457086,owner,INT,,0
0f3838b0-be97-46be-b3b5-82266578582e,17fpXIN7XKY_CDYHyPQ4XH9v2u3EYSm3W,mktg@adyatest.com,06884616684275021194,writer,INT,,0
0f3838b0-be97-46be-b3b5-82266578582e,17ZIeFV97nRaLDRW6DOBHBWz79na3zaat,deepak@adyatest.com,08005348925248457086,writer,INT,,0
0f3838b0-be97-46be-b3b5-82266578582e,17ZIeFV97nRaLDRW6DOBHBWz79na3zaat,sales@adyatest.com,03673162328506403042,writer,INT,,0
0f3838b0-be97-46be-b3b5-82266578582e,17ZIeFV97nRaLDRW6DOBHBWz79na3zaat,sales_user_2@adyatest.com,00393929978492690049,owner,INT,,0
0f3838b0-be97-46be-b3b5-82266578582e,17ZIeFV97nRaLDRW6DOBHBWz79na3zaat,__ANYONE__@adyatest.com,09522562856373921280k,reader,DOMAIN,,0
0f3838b0-be97-46be-b3b5-82266578582e,18Jf5nOv18YtcUrmHYwV3XesOOHgATy6i,deepak@adyatest.com,08005348925248457086,owner,INT,,0
0f3838b0-be97-46be-b3b5-82266578582e,18Jf5nOv18YtcUrmHYwV3XesOOHgATy6i,engg@adyatest.com,05396706730572163622,writer,INT,,0
0f3838b0-be97-46be-b3b5-82266578582e,18Jf5nOv18YtcUrmHYwV3XesOOHgATy6i,engg_user_1@adyatest.com,00073409170730105766,writer,INT,,0
0f3838b0-be97-46be-b3b5-82266578582e,18Pxf95QkF1Dq_TdWH4ehRclZZ7MBfzFx,deepak@adyatest.com,08005348925248457086,writer,INT,,0
0f3838b0-be97-46be-b3b5-82266578582e,18Pxf95QkF1Dq_TdWH4ehRclZZ7MBfzFx,mktg@adyatest.com,06884616684275021194,writer,INT,,0
0f3838b0-be97-46be-b3b5-82266578582e,18Pxf95QkF1Dq_TdWH4ehRclZZ7MBfzFx,mktg_user_2@adyatest.com,13701269247808531792,owner,INT,,0
0f3838b0-be97-46be-b3b5-82266578582e,18Pxf95QkF1Dq_TdWH4ehRclZZ7MBfzFx,PUBLIC,anyoneWithLink,reader,PUBLIC,,0
0f3838b0-be97-46be-b3b5-82266578582e,19uyJ_PyRBsP3PbdMB5mA-Z8dMZAe2Z8I,deepak@adyatest.com,08005348925248457086,owner,INT,,0
0f3838b0-be97-46be-b3b5-82266578582e,19uyJ_PyRBsP3PbdMB5mA-Z8dMZAe2Z8I,mktg@adyatest.com,06884616684275021194,writer,INT,,0
0f3838b0-be97-46be-b3b5-82266578582e,19uyJ_PyRBsP3PbdMB5mA-Z8dMZAe2Z8I,PUBLIC,anyone,reader,PUBLIC,,0
0f3838b0-be97-46be-b3b5-82266578582e,19VVjBnduKabKRQSVcDEVfx7e91rj7hm8,deepak@adyatest.com,08005348925248457086,writer,INT,,0
0f3838b0-be97-46be-b3b5-82266578582e,19VVjBnduKabKRQSVcDEVfx7e91rj7hm8,engg@adyatest.com,05396706730572163622,writer,INT,,0
0f3838b0-be97-46be-b3b5-82266578582e,19VVjBnduKabKRQSVcDEVfx7e91rj7hm8,engg_user_1@adyatest.com,00073409170730105766,owner,INT,,0
0f3838b0-be97-46be-b3b5-82266578582e,19z5YJeonZBJLV2Zr4ukYadS87Dts9a0Z,deepak@adyatest.com,08005348925248457086,owner,INT,,0
0f3838b0-be97-46be-b3b5-82266578582e,19z5YJeonZBJLV2Zr4ukYadS87Dts9a0Z,sales@adyatest.com,03673162328506403042,writer,INT,,0
0f3838b0-be97-46be-b3b5-82266578582e,1A5S3S8sDpx2iKA1QaDb5Lne8WDAfObM1,amit.agarwal@adya.io,15480560845680098755,writer,EXT,,0
0f3838b0-be97-46be-b3b5-82266578582e,1A5S3S8sDpx2iKA1QaDb5Lne8WDAfObM1,deepak@adya.io,08821235096454607480,writer,EXT,,0
0f3838b0-be97-46be-b3b5-82266578582e,1A5S3S8sDpx2iKA1QaDb5Lne8WDAfObM1,deepak@adyatest.com,08005348925248457086,owner,INT,,0
0f3838b0-be97-46be-b3b5-82266578582e,1A5S3S8sDpx2iKA1QaDb5Lne8WDAfObM1,deepakbalakrishna@gmail.com,14086054958024239642,writer,EXT,,0
0f3838b0-be97-46be-b3b5-82266578582e,1A5S3S8sDpx2iKA1QaDb5Lne8WDAfObM1,engg@adyatest.com,05396706730572163622,writer,INT,,0
0f3838b0-be97-46be-b3b5-82266578582e,1A5S3S8sDpx2iKA1QaDb5Lne8WDAfObM1,engg_user_1@adyatest.com,00073409170730105766,writer,INT,,0
0f3838b0-be97-46be-b3b5-82266578582e,1A5S3S8sDpx2iKA1QaDb5Lne8WDAfObM1,mktg@adyatest.com,06884616684275021194,reader,INT,,0
0f3838b0-be97-46be-b3b5-82266578582e,1AdDkCZLAzey8958eDYorGEM_OEgD7nhX,deepak@adyatest.com,08005348925248457086,owner,INT,,0
0f3838b0-be97-46be-b3b5-82266578582e,1AdDkCZLAzey8958eDYorGEM_OEgD7nhX,engg@adyatest.com,05396706730572163622,writer,INT,,0
0f3838b0-be97-46be-b3b5-82266578582e,1AdDkCZLAzey8958eDYorGEM_OEgD7nhX,engg_user_1@adyatest.com,00073409170730105766,writer,INT,,0
0f3838b0-be97-46be-b3b5-82266578582e,1AFivNq_JKckXOSXZ2E9dXyeuLjxYJaKv,deepak@adyatest.com,08005348925248457086,owner,INT,,0
0f3838b0-be97-46be-b3b5-82266578582e,1AFivNq_JKckXOSXZ2E9dXyeuLjxYJaKv,engg@adyatest.com,05396706730572163622,writer,INT,,0
0f3838b0-be97-46be-b3b5-82266578582e,1AFivNq_JKckXOSXZ2E9dXyeuLjxYJaKv,engg_user_1@adyatest.com,00073409170730105766,writer,INT,,0
0f3838b0-be97-46be-b3b5-82266578582e,1AjDRms5tO_497rmXRd5RPnsFrQjp8PqD,deepak@adyatest.com,08005348925248457086,writer,INT,,0
0f3838b0-be97-46be-b3b5-82266578582e,1AjDRms5tO_497rmXRd5RPnsFrQjp8PqD,mktg@adyatest.com,06884616684275021194,writer,INT,,0
0f3838b0-be97-46be-b3b5-82266578582e,1AjDRms5tO_497rmXRd5RPnsFrQjp8PqD,mktg_user_2@adyatest.com,13701269247808531792,owner,INT,,0
0f3838b0-be97-46be-b3b5-82266578582e,1AjDRms5tO_497rmXRd5RPnsFrQjp8PqD,sales@adyatest.com,03673162328506403042,writer,INT,,0
0f3838b0-be97-46be-b3b5-82266578582e,1AlrL7I8ncX7-PJiWp2iAj8nx3s39dInL,deepak@adyatest.com,08005348925248457086,owner,INT,,0
0f3838b0-be97-46be-b3b5-82266578582e,1AlrL7I8ncX7-PJiWp2iAj8nx3s39dInL,mktg@adyatest.com,06884616684275021194,writer,INT,,0
0f3838b0-be97-46be-b3b5-82266578582e,1aRRRXzJ3DL1QoAy1uB2LfqUMjScLa8rN,deepak@adyatest.com,08005348925248457086,writer,INT,,0
0f3838b0-be97-46be-b3b5-82266578582e,1aRRRXzJ3DL1QoAy1uB2LfqUMjScLa8rN,sales@adyatest.com,03673162328506403042,writer,INT,,0
0f3838b0-be97-46be-b3b5-82266578582e,1aRRRXzJ3DL1QoAy1uB2LfqUMjScLa8rN,sales_user_2@adyatest.com,00393929978492690049,owner,INT,,0
0f3838b0-be97-46be-b3b5-82266578582e,1aRRRXzJ3DL1QoAy1uB2LfqUMjScLa8rN,__ANYONE__@adyatest.com,09522562856373921280k,reader,DOMAIN,,0
0f3838b0-be97-46be-b3b5-82266578582e,1asuDPx62wi1Tp2fFtGcT0CLKFrFbLuKf,deepak@adyatest.com,08005348925248457086,owner,INT,,0
0f3838b0-be97-46be-b3b5-82266578582e,1asuDPx62wi1Tp2fFtGcT0CLKFrFbLuKf,mktg@adyatest.com,06884616684275021194,writer,INT,,0
0f3838b0-be97-46be-b3b5-82266578582e,1asuDPx62wi1Tp2fFtGcT0CLKFrFbLuKf,sales@adyatest.com,03673162328506403042,writer,INT,,0
0f3838b0-be97-46be-b3b5-82266578582e,1a__3IsFc052W7gsmwdZGZJWKAzlaSMAc,deepak@adyatest.com,08005348925248457086,owner,INT,,0
0f3838b0-be97-46be-b3b5-82266578582e,1a__3IsFc052W7gsmwdZGZJWKAzlaSMAc,mktg@adyatest.com,06884616684275021194,writer,INT,,0
0f3838b0-be97-46be-b3b5-82266578582e,1a__3IsFc052W7gsmwdZGZJWKAzlaSMAc,sales@adyatest.com,03673162328506403042,writer,INT,,0
0f3838b0-be97-46be-b3b5-82266578582e,1B0tzEZKWe4SXNY4AXC2J6FG2g5IIea-q,deepak@adyatest.com,08005348925248457086,writer,INT,,0
0f3838b0-be97-46be-b3b5-82266578582e,1B0tzEZKWe4SXNY4AXC2J6FG2g5IIea-q,sales@adyatest.com,03673162328506403042,writer,INT,,0
0f3838b0-be97-46be-b3b5-82266578582e,1B0tzEZKWe4SXNY4AXC2J6FG2g5IIea-q,sales_user_2@adyatest.com,00393929978492690049,owner,INT,,0
0f3838b0-be97-46be-b3b5-82266578582e,1B0tzEZKWe4SXNY4AXC2J6FG2g5IIea-q,__ANYONE__@adyatest.com,09522562856373921280k,reader,DOMAIN,,0
0f3838b0-be97-46be-b3b5-82266578582e,1b9FzFRSJvneueHKh4S-A3ZhsJw5lioNA,deepak@adyatest.com,08005348925248457086,owner,INT,,0
0f3838b0-be97-46be-b3b5-82266578582e,1b9FzFRSJvneueHKh4S-A3ZhsJw5lioNA,finance@adyatest.com,08625408871025890536,writer,INT,,0
0f3838b0-be97-46be-b3b5-82266578582e,1bamfOfdriIxjdc9ufIe7s4aCtsbHHF04,deepak@adyatest.com,08005348925248457086,writer,INT,,0
0f3838b0-be97-46be-b3b5-82266578582e,1bamfOfdriIxjdc9ufIe7s4aCtsbHHF04,sales@adyatest.com,03673162328506403042,writer,INT,,0
0f3838b0-be97-46be-b3b5-82266578582e,1bamfOfdriIxjdc9ufIe7s4aCtsbHHF04,sales_user_1@adyatest.com,11667871528211765552,owner,INT,,0
0f3838b0-be97-46be-b3b5-82266578582e,1BW5j0xhVmLj7i0_ZnEhiatC8xVhayqpT,deepak@adyatest.com,08005348925248457086,owner,INT,,0
0f3838b0-be97-46be-b3b5-82266578582e,1BW5j0xhVmLj7i0_ZnEhiatC8xVhayqpT,mktg@adyatest.com,06884616684275021194,writer,INT,,0
0f3838b0-be97-46be-b3b5-82266578582e,1BW5j0xhVmLj7i0_ZnEhiatC8xVhayqpT,PUBLIC,anyoneWithLink,reader,PUBLIC,,0
0f3838b0-be97-46be-b3b5-82266578582e,1c2i_3B9OUwGT8kVyb_kr0DPWjk4z333Q,deepak@adyatest.com,08005348925248457086,writer,INT,,0
0f3838b0-be97-46be-b3b5-82266578582e,1c2i_3B9OUwGT8kVyb_kr0DPWjk4z333Q,sales@adyatest.com,03673162328506403042,writer,INT,,0
0f3838b0-be97-46be-b3b5-82266578582e,1c2i_3B9OUwGT8kVyb_kr0DPWjk4z333Q,sales_user_2@adyatest.com,00393929978492690049,owner,INT,,0
0f3838b0-be97-46be-b3b5-82266578582e,1c2i_3B9OUwGT8kVyb_kr0DPWjk4z333Q,__ANYONE__@adyatest.com,09522562856373921280k,reader,DOMAIN,,0
0f3838b0-be97-46be-b3b5-82266578582e,1c48QyUkPuiLFmwOcXoRMgB43W_9jlXK4,deepak@adyatest.com,08005348925248457086,writer,INT,,0
0f3838b0-be97-46be-b3b5-82266578582e,1c48QyUkPuiLFmwOcXoRMgB43W_9jlXK4,mktg@adyatest.com,06884616684275021194,writer,INT,,0
0f3838b0-be97-46be-b3b5-82266578582e,1c48QyUkPuiLFmwOcXoRMgB43W_9jlXK4,mktg_user_2@adyatest.com,13701269247808531792,owner,INT,,0
0f3838b0-be97-46be-b3b5-82266578582e,1c48QyUkPuiLFmwOcXoRMgB43W_9jlXK4,__ANYONE__@adyatest.com,09522562856373921280k,writer,DOMAIN,,0
0f3838b0-be97-46be-b3b5-82266578582e,1CEWLXCH9H3IBW9DrLYfPc-MfQWPmOY9g,deepak@adyatest.com,08005348925248457086,owner,INT,,0
0f3838b0-be97-46be-b3b5-82266578582e,1CEWLXCH9H3IBW9DrLYfPc-MfQWPmOY9g,finance@adyatest.com,08625408871025890536,writer,INT,,0
0f3838b0-be97-46be-b3b5-82266578582e,1CTS6fcujNxv9gbFfMU2f4Wdgqia-NOUf,deepak@adyatest.com,08005348925248457086,writer,INT,,0
0f3838b0-be97-46be-b3b5-82266578582e,1CTS6fcujNxv9gbFfMU2f4Wdgqia-NOUf,mktg@adyatest.com,06884616684275021194,writer,INT,,0
0f3838b0-be97-46be-b3b5-82266578582e,1CTS6fcujNxv9gbFfMU2f4Wdgqia-NOUf,sales@adyatest.com,03673162328506403042,writer,INT,,0
0f3838b0-be97-46be-b3b5-82266578582e,1CTS6fcujNxv9gbFfMU2f4Wdgqia-NOUf,sales_user_2@adyatest.com,00393929978492690049,owner,INT,,0
0f3838b0-be97-46be-b3b5-82266578582e,1D8B4B1zvwg-cMC6VrZ0jlWE3-o5gShKB,deepak@adyatest.com,08005348925248457086,owner,INT,,0
0f3838b0-be97-46be-b3b5-82266578582e,1D8B4B1zvwg-cMC6VrZ0jlWE3-o5gShKB,sales@adyatest.com,03673162328506403042,writer,INT,,0
0f3838b0-be97-46be-b3b5-82266578582e,1Dekb2oQA2xzNCqw9UtOKTVt4dmN6ihoZ,deepak@adyatest.com,08005348925248457086,writer,INT,,0
0f3838b0-be97-46be-b3b5-82266578582e,1Dekb2oQA2xzNCqw9UtOKTVt4dmN6ihoZ,sales@adyatest.com,03673162328506403042,writer,INT,,0
0f3838b0-be97-46be-b3b5-82266578582e,1Dekb2oQA2xzNCqw9UtOKTVt4dmN6ihoZ,sales_user_2@adyatest.com,00393929978492690049,owner,INT,,0
0f3838b0-be97-46be-b3b5-82266578582e,1Dekb2oQA2xzNCqw9UtOKTVt4dmN6ihoZ,__ANYONE__@adyatest.com,09522562856373921280k,reader,DOMAIN,,0
0f3838b0-be97-46be-b3b5-82266578582e,1dGCGIswj2cRZQNkLIIJ3DhLfqhmBGQvj,deepak@adyatest.com,08005348925248457086,writer,INT,,0
0f3838b0-be97-46be-b3b5-82266578582e,1dGCGIswj2cRZQNkLIIJ3DhLfqhmBGQvj,mktg@adyatest.com,06884616684275021194,writer,INT,,0
0f3838b0-be97-46be-b3b5-82266578582e,1dGCGIswj2cRZQNkLIIJ3DhLfqhmBGQvj,mktg_user_2@adyatest.com,13701269247808531792,owner,INT,,0
0f3838b0-be97-46be-b3b5-82266578582e,1dGCGIswj2cRZQNkLIIJ3DhLfqhmBGQvj,PUBLIC,anyone,reader,PUBLIC,,0
0f3838b0-be97-46be-b3b5-82266578582e,1DIrmfNKe2SA8Nx1eKOw6vgAxVtcAlcRP,deepak@adyatest.com,08005348925248457086,owner,INT,,0
0f3838b0-be97-46be-b3b5-82266578582e,1DIrmfNKe2SA8Nx1eKOw6vgAxVtcAlcRP,mktg@adyatest.com,06884616684275021194,writer,INT,,0
0f3838b0-be97-46be-b3b5-82266578582e,1DIrmfNKe2SA8Nx1eKOw6vgAxVtcAlcRP,PUBLIC,anyone,reader,PUBLIC,,0
0f3838b0-be97-46be-b3b5-82266578582e,1dRyeeUjdDB1mut4pSD-9ITuT6FcbvyTA,deepak@adyatest.com,08005348925248457086,writer,INT,,0
0f3838b0-be97-46be-b3b5-82266578582e,1dRyeeUjdDB1mut4pSD-9ITuT6FcbvyTA,sales@adyatest.com,03673162328506403042,writer,INT,,0
0f3838b0-be97-46be-b3b5-82266578582e,1dRyeeUjdDB1mut4pSD-9ITuT6FcbvyTA,sales_user_2@adyatest.com,00393929978492690049,owner,INT,,0
0f3838b0-be97-46be-b3b5-82266578582e,1dRyeeUjdDB1mut4pSD-9ITuT6FcbvyTA,__ANYONE__@adyatest.com,09522562856373921280k,reader,DOMAIN,,0
0f3838b0-be97-46be-b3b5-82266578582e,1DS24A_OYJxNE1RXFmIICwUp01pOM0mvv,deepak@adyatest.com,08005348925248457086,writer,INT,,0
0f3838b0-be97-46be-b3b5-82266578582e,1DS24A_OYJxNE1RXFmIICwUp01pOM0mvv,engg@adyatest.com,05396706730572163622,writer,INT,,0
0f3838b0-be97-46be-b3b5-82266578582e,1DS24A_OYJxNE1RXFmIICwUp01pOM0mvv,engg_user_1@adyatest.com,00073409170730105766,owner,INT,,0
0f3838b0-be97-46be-b3b5-82266578582e,1Dt0LrMLNAfq44kRX_WxaGeDifjhzh-pt,deepak@adyatest.com,08005348925248457086,owner,INT,,0
0f3838b0-be97-46be-b3b5-82266578582e,1Dt0LrMLNAfq44kRX_WxaGeDifjhzh-pt,mktg@adyatest.com,06884616684275021194,writer,INT,,0
0f3838b0-be97-46be-b3b5-82266578582e,1Dt0LrMLNAfq44kRX_WxaGeDifjhzh-pt,sales@adyatest.com,03673162328506403042,writer,INT,,0
0f3838b0-be97-46be-b3b5-82266578582e,1DwQwtFf9NMHm69N8mIC7_BWnpLMe-zbZ,deepak@adyatest.com,08005348925248457086,writer,INT,,0
0f3838b0-be97-46be-b3b5-82266578582e,1DwQwtFf9NMHm69N8mIC7_BWnpLMe-zbZ,mktg@adyatest.com,06884616684275021194,writer,INT,,0
0f3838b0-be97-46be-b3b5-82266578582e,1DwQwtFf9NMHm69N8mIC7_BWnpLMe-zbZ,mktg_user_2@adyatest.com,13701269247808531792,owner,INT,,0
0f3838b0-be97-46be-b3b5-82266578582e,1DwQwtFf9NMHm69N8mIC7_BWnpLMe-zbZ,PUBLIC,anyoneWithLink,reader,PUBLIC,,0
0f3838b0-be97-46be-b3b5-82266578582e,1dyEMaKC710VJ846_lWJhZesURkp0Zqil,deepak@adyatest.com,08005348925248457086,owner,INT,,0
0f3838b0-be97-46be-b3b5-82266578582e,1dyEMaKC710VJ846_lWJhZesURkp0Zqil,engg@adyatest.com,05396706730572163622,writer,INT,,0
0f3838b0-be97-46be-b3b5-82266578582e,1dyEMaKC710VJ846_lWJhZesURkp0Zqil,engg_user_1@adyatest.com,00073409170730105766,writer,INT,,0
0f3838b0-be97-46be-b3b5-82266578582e,1dyIMergDuX_ZWhBJzeycihdoypwgpnAv,deepak@adyatest.com,08005348925248457086,owner,INT,,0
0f3838b0-be97-46be-b3b5-82266578582e,1dyIMergDuX_ZWhBJzeycihdoypwgpnAv,engg@adyatest.com,05396706730572163622,writer,INT,,0
0f3838b0-be97-46be-b3b5-82266578582e,1dyIMergDuX_ZWhBJzeycihdoypwgpnAv,engg_user_1@adyatest.com,00073409170730105766,writer,INT,,0
0f3838b0-be97-46be-b3b5-82266578582e,1dz_Nee9N7fefVnJ90l13EG5Wy8D3_CH-,deepak@adyatest.com,08005348925248457086,writer,INT,,0
0f3838b0-be97-46be-b3b5-82266578582e,1dz_Nee9N7fefVnJ90l13EG5Wy8D3_CH-,mktg@adyatest.com,06884616684275021194,writer,INT,,0
0f3838b0-be97-46be-b3b5-82266578582e,1dz_Nee9N7fefVnJ90l13EG5Wy8D3_CH-,sales@adyatest.com,03673162328506403042,writer,INT,,0
0f3838b0-be97-46be-b3b5-82266578582e,1dz_Nee9N7fefVnJ90l13EG5Wy8D3_CH-,sales_user_2@adyatest.com,00393929978492690049,owner,INT,,0
0f3838b0-be97-46be-b3b5-82266578582e,1EDWcAAKy3MIdJoO7rPoiS4e8gBtpQb3A,deepak@adyatest.com,08005348925248457086,writer,INT,,0
0f3838b0-be97-46be-b3b5-82266578582e,1EDWcAAKy3MIdJoO7rPoiS4e8gBtpQb3A,sales@adyatest.com,03673162328506403042,writer,INT,,0
0f3838b0-be97-46be-b3b5-82266578582e,1EDWcAAKy3MIdJoO7rPoiS4e8gBtpQb3A,sales_user_1@adyatest.com,11667871528211765552,owner,INT,,0
0f3838b0-be97-46be-b3b5-82266578582e,1EsZ7agTEkTF7a6LM2Wq9KyPK9JJcd1a3,deepak@adyatest.com,08005348925248457086,owner,INT,,0
0f3838b0-be97-46be-b3b5-82266578582e,1F-0r6ELp-3qXswgXzwRFMpLDF22HIDOD,amit.agarwal@adya.io,15480560845680098755,writer,EXT,,0
0f3838b0-be97-46be-b3b5-82266578582e,1F-0r6ELp-3qXswgXzwRFMpLDF22HIDOD,deepak@adya.io,08821235096454607480,writer,EXT,,0
0f3838b0-be97-46be-b3b5-82266578582e,1F-0r6ELp-3qXswgXzwRFMpLDF22HIDOD,deepak@adyatest.com,08005348925248457086,owner,INT,,0
0f3838b0-be97-46be-b3b5-82266578582e,1F-0r6ELp-3qXswgXzwRFMpLDF22HIDOD,deepakbalakrishna@gmail.com,14086054958024239642,writer,EXT,,0
0f3838b0-be97-46be-b3b5-82266578582e,1F-0r6ELp-3qXswgXzwRFMpLDF22HIDOD,engg@adyatest.com,05396706730572163622,writer,INT,,0
0f3838b0-be97-46be-b3b5-82266578582e,1F-0r6ELp-3qXswgXzwRFMpLDF22HIDOD,engg_user_1@adyatest.com,00073409170730105766,writer,INT,,0
0f3838b0-be97-46be-b3b5-82266578582e,1F-0r6ELp-3qXswgXzwRFMpLDF22HIDOD,mktg@adyatest.com,06884616684275021194,reader,INT,,0
0f3838b0-be97-46be-b3b5-82266578582e,1F3lhDCqyJnUGEQ0crC65Tiv1wRTlvAOO,deepak@adyatest.com,08005348925248457086,writer,INT,,0
0f3838b0-be97-46be-b3b5-82266578582e,1F3lhDCqyJnUGEQ0crC65Tiv1wRTlvAOO,engg@adyatest.com,05396706730572163622,writer,INT,,0
0f3838b0-be97-46be-b3b5-82266578582e,1F3lhDCqyJnUGEQ0crC65Tiv1wRTlvAOO,engg_user_1@adyatest.com,00073409170730105766,owner,INT,,0
0f3838b0-be97-46be-b3b5-82266578582e,1f4dsiSXY2uP0YWKDiaH9m8l9IXBUA4M0,deepak@adyatest.com,08005348925248457086,owner,INT,,0
0f3838b0-be97-46be-b3b5-82266578582e,1f4dsiSXY2uP0YWKDiaH9m8l9IXBUA4M0,mktg@adyatest.com,06884616684275021194,writer,INT,,0
0f3838b0-be97-46be-b3b5-82266578582e,1fwN-AzYKHEPsGyTg5G1oO7rlCcH61J1D,amit.agarwal@adya.io,15480560845680098755,writer,EXT,,0
0f3838b0-be97-46be-b3b5-82266578582e,1fwN-AzYKHEPsGyTg5G1oO7rlCcH61J1D,deepak@adya.io,08821235096454607480,writer,EXT,,0
0f3838b0-be97-46be-b3b5-82266578582e,1fwN-AzYKHEPsGyTg5G1oO7rlCcH61J1D,deepak@adyatest.com,08005348925248457086,owner,INT,,0
0f3838b0-be97-46be-b3b5-82266578582e,1fwN-AzYKHEPsGyTg5G1oO7rlCcH61J1D,deepakbalakrishna@gmail.com,14086054958024239642,writer,EXT,,0
0f3838b0-be97-46be-b3b5-82266578582e,1fwN-AzYKHEPsGyTg5G1oO7rlCcH61J1D,engg@adyatest.com,05396706730572163622,writer,INT,,0
0f3838b0-be97-46be-b3b5-82266578582e,1fwN-AzYKHEPsGyTg5G1oO7rlCcH61J1D,engg_user_1@adyatest.com,00073409170730105766,writer,INT,,0
0f3838b0-be97-46be-b3b5-82266578582e,1fwN-AzYKHEPsGyTg5G1oO7rlCcH61J1D,mktg@adyatest.com,06884616684275021194,reader,INT,,0
0f3838b0-be97-46be-b3b5-82266578582e,1gcms2Nbl7fEN1Puo3qrPJg_9vjmzc-jF,deepak@adyatest.com,08005348925248457086,owner,INT,,0
0f3838b0-be97-46be-b3b5-82266578582e,1GfpOJykFAoLyWW_mhO4tJCqqUCMTMown,deepak@adyatest.com,08005348925248457086,owner,INT,,0
0f3838b0-be97-46be-b3b5-82266578582e,1GfpOJykFAoLyWW_mhO4tJCqqUCMTMown,finance@adyatest.com,08625408871025890536,writer,INT,,0
0f3838b0-be97-46be-b3b5-82266578582e,1gtUDyntMaTWrkCfAP0BqCW-k0AfxDds2,deepak@adyatest.com,08005348925248457086,writer,INT,,0
0f3838b0-be97-46be-b3b5-82266578582e,1gtUDyntMaTWrkCfAP0BqCW-k0AfxDds2,mktg@adyatest.com,06884616684275021194,writer,INT,,0
0f3838b0-be97-46be-b3b5-82266578582e,1gtUDyntMaTWrkCfAP0BqCW-k0AfxDds2,sales@adyatest.com,03673162328506403042,writer,INT,,0
0f3838b0-be97-46be-b3b5-82266578582e,1gtUDyntMaTWrkCfAP0BqCW-k0AfxDds2,sales_user_2@adyatest.com,00393929978492690049,owner,INT,,0
0f3838b0-be97-46be-b3b5-82266578582e,1GtyaJbf5YmLr9Jfx7ByEOBjLoxjG6CqH,amit.agarwal@adya.io,15480560845680098755,writer,EXT,,0
0f3838b0-be97-46be-b3b5-82266578582e,1GtyaJbf5YmLr9Jfx7ByEOBjLoxjG6CqH,deepak@adya.io,08821235096454607480,writer,EXT,,0
0f3838b0-be97-46be-b3b5-82266578582e,1GtyaJbf5YmLr9Jfx7ByEOBjLoxjG6CqH,deepak@adyatest.com,08005348925248457086,writer,INT,,0
0f3838b0-be97-46be-b3b5-82266578582e,1GtyaJbf5YmLr9Jfx7ByEOBjLoxjG6CqH,deepakbalakrishna@gmail.com,14086054958024239642,writer,EXT,,0
0f3838b0-be97-46be-b3b5-82266578582e,1GtyaJbf5YmLr9Jfx7ByEOBjLoxjG6CqH,engg@adyatest.com,05396706730572163622,writer,INT,,0
0f3838b0-be97-46be-b3b5-82266578582e,1GtyaJbf5YmLr9Jfx7ByEOBjLoxjG6CqH,engg_user_1@adyatest.com,00073409170730105766,writer,INT,,0
0f3838b0-be97-46be-b3b5-82266578582e,1GtyaJbf5YmLr9Jfx7ByEOBjLoxjG6CqH,engg_user_2@adyatest.com,08464589733960295116,owner,INT,,0
0f3838b0-be97-46be-b3b5-82266578582e,1GtyaJbf5YmLr9Jfx7ByEOBjLoxjG6CqH,mktg@adyatest.com,06884616684275021194,reader,INT,,0
0f3838b0-be97-46be-b3b5-82266578582e,1GUF5Y5V1NfHK6tLxSiSh52OJcMFSwP5m,amit.agarwal@adya.io,15480560845680098755,writer,EXT,,0
0f3838b0-be97-46be-b3b5-82266578582e,1GUF5Y5V1NfHK6tLxSiSh52OJcMFSwP5m,deepak@adya.io,08821235096454607480,writer,EXT,,0
0f3838b0-be97-46be-b3b5-82266578582e,1GUF5Y5V1NfHK6tLxSiSh52OJcMFSwP5m,deepak@adyatest.com,08005348925248457086,owner,INT,,0
0f3838b0-be97-46be-b3b5-82266578582e,1GUF5Y5V1NfHK6tLxSiSh52OJcMFSwP5m,deepakbalakrishna@gmail.com,14086054958024239642,writer,EXT,,0
0f3838b0-be97-46be-b3b5-82266578582e,1GUF5Y5V1NfHK6tLxSiSh52OJcMFSwP5m,engg@adyatest.com,05396706730572163622,writer,INT,,0
0f3838b0-be97-46be-b3b5-82266578582e,1GUF5Y5V1NfHK6tLxSiSh52OJcMFSwP5m,engg_user_1@adyatest.com,00073409170730105766,writer,INT,,0
0f3838b0-be97-46be-b3b5-82266578582e,1GUF5Y5V1NfHK6tLxSiSh52OJcMFSwP5m,mktg@adyatest.com,06884616684275021194,reader,INT,,0
0f3838b0-be97-46be-b3b5-82266578582e,1gviz1rKin3UNl2JzjJ_mFWHtEVRe_guu,deepak@adyatest.com,08005348925248457086,writer,INT,,0
0f3838b0-be97-46be-b3b5-82266578582e,1gviz1rKin3UNl2JzjJ_mFWHtEVRe_guu,engg@adyatest.com,05396706730572163622,writer,INT,,0
0f3838b0-be97-46be-b3b5-82266578582e,1gviz1rKin3UNl2JzjJ_mFWHtEVRe_guu,engg_user_1@adyatest.com,00073409170730105766,owner,INT,,0
0f3838b0-be97-46be-b3b5-82266578582e,1GWMAEYg-3I-qo8Gas0cpUyJSN353U0jm,deepak@adyatest.com,08005348925248457086,owner,INT,,0
0f3838b0-be97-46be-b3b5-82266578582e,1GWMAEYg-3I-qo8Gas0cpUyJSN353U0jm,sales@adyatest.com,03673162328506403042,writer,INT,,0
0f3838b0-be97-46be-b3b5-82266578582e,1G_H--BmPOv23SPxjbPoaWtCj9aSa6fSK,deepak@adyatest.com,08005348925248457086,owner,INT,,0
0f3838b0-be97-46be-b3b5-82266578582e,1G_H--BmPOv23SPxjbPoaWtCj9aSa6fSK,mktg@adyatest.com,06884616684275021194,writer,INT,,0
0f3838b0-be97-46be-b3b5-82266578582e,1hABNFG3CAVlHbKcDDG1akmP8_BizciY-,deepak@adyatest.com,08005348925248457086,writer,INT,,0
0f3838b0-be97-46be-b3b5-82266578582e,1hABNFG3CAVlHbKcDDG1akmP8_BizciY-,sales@adyatest.com,03673162328506403042,writer,INT,,0
0f3838b0-be97-46be-b3b5-82266578582e,1hABNFG3CAVlHbKcDDG1akmP8_BizciY-,sales_user_1@adyatest.com,11667871528211765552,owner,INT,,0
0f3838b0-be97-46be-b3b5-82266578582e,1hQ381ouuPxfRMD8k9wJXFYrNDoIvewRP,amit.agarwal@adya.io,15480560845680098755,writer,EXT,,0
0f3838b0-be97-46be-b3b5-82266578582e,1hQ381ouuPxfRMD8k9wJXFYrNDoIvewRP,deepak@adya.io,08821235096454607480,writer,EXT,,0
0f3838b0-be97-46be-b3b5-82266578582e,1hQ381ouuPxfRMD8k9wJXFYrNDoIvewRP,deepak@adyatest.com,08005348925248457086,writer,INT,,0
0f3838b0-be97-46be-b3b5-82266578582e,1hQ381ouuPxfRMD8k9wJXFYrNDoIvewRP,deepakbalakrishna@gmail.com,14086054958024239642,writer,EXT,,0
0f3838b0-be97-46be-b3b5-82266578582e,1hQ381ouuPxfRMD8k9wJXFYrNDoIvewRP,engg@adyatest.com,05396706730572163622,writer,INT,,0
0f3838b0-be97-46be-b3b5-82266578582e,1hQ381ouuPxfRMD8k9wJXFYrNDoIvewRP,engg_user_1@adyatest.com,00073409170730105766,writer,INT,,0
0f3838b0-be97-46be-b3b5-82266578582e,1hQ381ouuPxfRMD8k9wJXFYrNDoIvewRP,engg_user_2@adyatest.com,08464589733960295116,owner,INT,,0
0f3838b0-be97-46be-b3b5-82266578582e,1hQ381ouuPxfRMD8k9wJXFYrNDoIvewRP,mktg@adyatest.com,06884616684275021194,reader,INT,,0
0f3838b0-be97-46be-b3b5-82266578582e,1iL4XZYK94f0fJiR1eHpdDqdQTSsmzFZ_,deepak@adyatest.com,08005348925248457086,writer,INT,,0
0f3838b0-be97-46be-b3b5-82266578582e,1iL4XZYK94f0fJiR1eHpdDqdQTSsmzFZ_,mktg@adyatest.com,06884616684275021194,writer,INT,,0
0f3838b0-be97-46be-b3b5-82266578582e,1iL4XZYK94f0fJiR1eHpdDqdQTSsmzFZ_,mktg_user_1@adyatest.com,15769082913330939955,owner,INT,,0
0f3838b0-be97-46be-b3b5-82266578582e,1it1wSDZTaBt2VbEK9UR-bPjIiQ2sn5NV,deepak@adyatest.com,08005348925248457086,owner,INT,,0
0f3838b0-be97-46be-b3b5-82266578582e,1it1wSDZTaBt2VbEK9UR-bPjIiQ2sn5NV,engg@adyatest.com,05396706730572163622,writer,INT,,0
0f3838b0-be97-46be-b3b5-82266578582e,1it1wSDZTaBt2VbEK9UR-bPjIiQ2sn5NV,engg_user_1@adyatest.com,00073409170730105766,writer,INT,,0
0f3838b0-be97-46be-b3b5-82266578582e,1iz-dE5KyMP-ZI4tBJ_HBxViv9VQGe8XK,deepak@adyatest.com,08005348925248457086,writer,INT,,0
0f3838b0-be97-46be-b3b5-82266578582e,1iz-dE5KyMP-ZI4tBJ_HBxViv9VQGe8XK,sales@adyatest.com,03673162328506403042,writer,INT,,0
0f3838b0-be97-46be-b3b5-82266578582e,1iz-dE5KyMP-ZI4tBJ_HBxViv9VQGe8XK,sales_user_1@adyatest.com,11667871528211765552,owner,INT,,0
0f3838b0-be97-46be-b3b5-82266578582e,1J0tp9_wxv5qHGBYGb13cIxzyHDkzzZVl,deepak@adyatest.com,08005348925248457086,owner,INT,,0
0f3838b0-be97-46be-b3b5-82266578582e,1J0tp9_wxv5qHGBYGb13cIxzyHDkzzZVl,sales@adyatest.com,03673162328506403042,writer,INT,,0
0f3838b0-be97-46be-b3b5-82266578582e,1J1csbJ8mCkltXdb6KlVHyNJ_ns251pTT,deepak@adyatest.com,08005348925248457086,owner,INT,,0
0f3838b0-be97-46be-b3b5-82266578582e,1jB4v809jI6GEz9BOH1DW21daQE9aDRtv,deepak@adyatest.com,08005348925248457086,owner,INT,,0
0f3838b0-be97-46be-b3b5-82266578582e,1jB4v809jI6GEz9BOH1DW21daQE9aDRtv,mktg@adyatest.com,06884616684275021194,writer,INT,,0
0f3838b0-be97-46be-b3b5-82266578582e,1jB4v809jI6GEz9BOH1DW21daQE9aDRtv,PUBLIC,anyoneWithLink,reader,PUBLIC,,0
0f3838b0-be97-46be-b3b5-82266578582e,1Jjqiv_ia_3xxzld7lpmbH--DnT2CGHkc,deepak@adyatest.com,08005348925248457086,writer,INT,,0
0f3838b0-be97-46be-b3b5-82266578582e,1Jjqiv_ia_3xxzld7lpmbH--DnT2CGHkc,mktg@adyatest.com,06884616684275021194,writer,INT,,0
0f3838b0-be97-46be-b3b5-82266578582e,1Jjqiv_ia_3xxzld7lpmbH--DnT2CGHkc,mktg_user_2@adyatest.com,13701269247808531792,owner,INT,,0
0f3838b0-be97-46be-b3b5-82266578582e,1Jjqiv_ia_3xxzld7lpmbH--DnT2CGHkc,sales@adyatest.com,03673162328506403042,writer,INT,,0
0f3838b0-be97-46be-b3b5-82266578582e,1jNV-Ym_v1hQ5LCqaNiczUXyQLZYjLyfz,deepak@adyatest.com,08005348925248457086,owner,INT,,0
0f3838b0-be97-46be-b3b5-82266578582e,1Jr7p_rWd1wfUub-x42BXRO5NbZAAn1hr,deepak@adyatest.com,08005348925248457086,writer,INT,,0
0f3838b0-be97-46be-b3b5-82266578582e,1Jr7p_rWd1wfUub-x42BXRO5NbZAAn1hr,sales@adyatest.com,03673162328506403042,writer,INT,,0
0f3838b0-be97-46be-b3b5-82266578582e,1Jr7p_rWd1wfUub-x42BXRO5NbZAAn1hr,sales_user_2@adyatest.com,00393929978492690049,owner,INT,,0
0f3838b0-be97-46be-b3b5-82266578582e,1Jr7p_rWd1wfUub-x42BXRO5NbZAAn1hr,__ANYONE__@adyatest.com,09522562856373921280k,reader,DOMAIN,,0
0f3838b0-be97-46be-b3b5-82266578582e,1JTerpTBd9371PXDlUCy4ZPc6M6ylIhP1vF44_mkCeCo,deepak@adyatest.com,08005348925248457086,owner,INT,,0
0f3838b0-be97-46be-b3b5-82266578582e,1JuDizBhFYvAhLd0D6Zn3MU_GIwLXh2Gi,abhra.dey@adya.io,12774840485596109925,writer,EXT,,0
0f3838b0-be97-46be-b3b5-82266578582e,1JuDizBhFYvAhLd0D6Zn3MU_GIwLXh2Gi,amit.agarwal@adya.io,15480560845680098755,writer,EXT,,0
0f3838b0-be97-46be-b3b5-82266578582e,1JuDizBhFYvAhLd0D6Zn3MU_GIwLXh2Gi,deepak@adya.io,08821235096454607480,writer,EXT,,0
0f3838b0-be97-46be-b3b5-82266578582e,1JuDizBhFYvAhLd0D6Zn3MU_GIwLXh2Gi,deepak@adyatest.com,08005348925248457086,owner,INT,,0
0f3838b0-be97-46be-b3b5-82266578582e,1JuDizBhFYvAhLd0D6Zn3MU_GIwLXh2Gi,mktg@adyatest.com,06884616684275021194,writer,INT,,0
0f3838b0-be97-46be-b3b5-82266578582e,1JuDizBhFYvAhLd0D6Zn3MU_GIwLXh2Gi,rashmi.singh@adya.io,00352593918397697441,writer,EXT,,0
0f3838b0-be97-46be-b3b5-82266578582e,1jxUs4sWFEOwrXtqsa9ZlVDSe6zZTaWQx,deepak@adyatest.com,08005348925248457086,writer,INT,,0
0f3838b0-be97-46be-b3b5-82266578582e,1jxUs4sWFEOwrXtqsa9ZlVDSe6zZTaWQx,mktg@adyatest.com,06884616684275021194,writer,INT,,0
0f3838b0-be97-46be-b3b5-82266578582e,1jxUs4sWFEOwrXtqsa9ZlVDSe6zZTaWQx,mktg_user_1@adyatest.com,15769082913330939955,owner,INT,,0
0f3838b0-be97-46be-b3b5-82266578582e,1k5bxnZ5kYwSHaj6nqbKaEysQcCCRavqH,deepak@adyatest.com,08005348925248457086,owner,INT,,0
0f3838b0-be97-46be-b3b5-82266578582e,1k5bxnZ5kYwSHaj6nqbKaEysQcCCRavqH,sales@adyatest.com,03673162328506403042,writer,INT,,0
0f3838b0-be97-46be-b3b5-82266578582e,1k8r4lExvbBJLaZwrNjO07ansQwc9C3AY,deepak@adyatest.com,08005348925248457086,writer,INT,,0
0f3838b0-be97-46be-b3b5-82266578582e,1k8r4lExvbBJLaZwrNjO07ansQwc9C3AY,engg@adyatest.com,05396706730572163622,writer,INT,,0
0f3838b0-be97-46be-b3b5-82266578582e,1k8r4lExvbBJLaZwrNjO07ansQwc9C3AY,engg_user_1@adyatest.com,00073409170730105766,owner,INT,,0
0f3838b0-be97-46be-b3b5-82266578582e,1KtMzOnA8iAzsc3Uc5TOVmyo6jdU3cEad,deepak@adyatest.com,08005348925248457086,writer,INT,,0
0f3838b0-be97-46be-b3b5-82266578582e,1KtMzOnA8iAzsc3Uc5TOVmyo6jdU3cEad,sales@adyatest.com,03673162328506403042,writer,INT,,0
0f3838b0-be97-46be-b3b5-82266578582e,1KtMzOnA8iAzsc3Uc5TOVmyo6jdU3cEad,sales_user_2@adyatest.com,00393929978492690049,owner,INT,,0
0f3838b0-be97-46be-b3b5-82266578582e,1KtMzOnA8iAzsc3Uc5TOVmyo6jdU3cEad,__ANYONE__@adyatest.com,09522562856373921280k,reader,DOMAIN,,0
0f3838b0-be97-46be-b3b5-82266578582e,1KwnSlNM3iKKnq270ch7b8gjc1EOf7MG0,deepak@adyatest.com,08005348925248457086,owner,INT,,0
0f3838b0-be97-46be-b3b5-82266578582e,1KwnSlNM3iKKnq270ch7b8gjc1EOf7MG0,finance@adyatest.com,08625408871025890536,writer,INT,,0
0f3838b0-be97-46be-b3b5-82266578582e,1l7KpUYgtTrOFpt7H1P_tcRm3mgt5Az5F,deepak@adyatest.com,08005348925248457086,owner,INT,,0
0f3838b0-be97-46be-b3b5-82266578582e,1l7KpUYgtTrOFpt7H1P_tcRm3mgt5Az5F,finance@adyatest.com,08625408871025890536,writer,INT,,0
0f3838b0-be97-46be-b3b5-82266578582e,1liUdn6Fs1bRt92gzklcXn3ZznnX42Ie_,deepak@adyatest.com,08005348925248457086,owner,INT,,0
0f3838b0-be97-46be-b3b5-82266578582e,1liUdn6Fs1bRt92gzklcXn3ZznnX42Ie_,mktg@adyatest.com,06884616684275021194,writer,INT,,0
0f3838b0-be97-46be-b3b5-82266578582e,1liUdn6Fs1bRt92gzklcXn3ZznnX42Ie_,PUBLIC,anyone,reader,PUBLIC,,0
0f3838b0-be97-46be-b3b5-82266578582e,1LOwXOwLUERmpmLEZMsqvpSElZ2j2WLCL,deepak@adyatest.com,08005348925248457086,writer,INT,,0
0f3838b0-be97-46be-b3b5-82266578582e,1LOwXOwLUERmpmLEZMsqvpSElZ2j2WLCL,mktg@adyatest.com,06884616684275021194,writer,INT,,0
0f3838b0-be97-46be-b3b5-82266578582e,1LOwXOwLUERmpmLEZMsqvpSElZ2j2WLCL,mktg_user_1@adyatest.com,15769082913330939955,owner,INT,,0
0f3838b0-be97-46be-b3b5-82266578582e,1lS7lkI-z_8mp2YK_nj9BtIfEVN7KB7qW,deepak@adyatest.com,08005348925248457086,owner,INT,,0
0f3838b0-be97-46be-b3b5-82266578582e,1lS7lkI-z_8mp2YK_nj9BtIfEVN7KB7qW,mktg@adyatest.com,06884616684275021194,writer,INT,,0
0f3838b0-be97-46be-b3b5-82266578582e,1mb6_OTwHyB6s2R9s6Zzi2YUgyV0sT3lB,deepak@adyatest.com,08005348925248457086,owner,INT,,0
0f3838b0-be97-46be-b3b5-82266578582e,1mb6_OTwHyB6s2R9s6Zzi2YUgyV0sT3lB,mktg@adyatest.com,06884616684275021194,writer,INT,,0
0f3838b0-be97-46be-b3b5-82266578582e,1mb6_OTwHyB6s2R9s6Zzi2YUgyV0sT3lB,PUBLIC,anyoneWithLink,reader,PUBLIC,,0
0f3838b0-be97-46be-b3b5-82266578582e,1MD2zv78MAyUcs_Jsl5ObsvYJpd1mSgh1,deepak@adyatest.com,08005348925248457086,owner,INT,,0
0f3838b0-be97-46be-b3b5-82266578582e,1MD2zv78MAyUcs_Jsl5ObsvYJpd1mSgh1,engg@adyatest.com,05396706730572163622,writer,INT,,0
0f3838b0-be97-46be-b3b5-82266578582e,1MD2zv78MAyUcs_Jsl5ObsvYJpd1mSgh1,engg_user_1@adyatest.com,00073409170730105766,writer,INT,,0
0f3838b0-be97-46be-b3b5-82266578582e,1mEaY-fVJoZbLW3GudkDRMjpKhMxhcLpu,deepak@adyatest.com,08005348925248457086,owner,INT,,0
0f3838b0-be97-46be-b3b5-82266578582e,1mEaY-fVJoZbLW3GudkDRMjpKhMxhcLpu,mktg@adyatest.com,06884616684275021194,writer,INT,,0
0f3838b0-be97-46be-b3b5-82266578582e,1mEaY-fVJoZbLW3GudkDRMjpKhMxhcLpu,__ANYONE__@adyatest.com,09522562856373921280k,writer,DOMAIN,,0
0f3838b0-be97-46be-b3b5-82266578582e,1mI82Ot1UKH4WSbDg9_G9J1rTgCCIUHI1,deepak@adyatest.com,08005348925248457086,owner,INT,,0
0f3838b0-be97-46be-b3b5-82266578582e,1mI82Ot1UKH4WSbDg9_G9J1rTgCCIUHI1,mktg@adyatest.com,06884616684275021194,writer,INT,,0
0f3838b0-be97-46be-b3b5-82266578582e,1mI82Ot1UKH4WSbDg9_G9J1rTgCCIUHI1,sales@adyatest.com,03673162328506403042,writer,INT,,0
0f3838b0-be97-46be-b3b5-82266578582e,1MQKFT66pFSUIshFP2NdEz4ksH4rrWTS5,deepak@adyatest.com,08005348925248457086,owner,INT,,0
0f3838b0-be97-46be-b3b5-82266578582e,1MQKFT66pFSUIshFP2NdEz4ksH4rrWTS5,sales@adyatest.com,03673162328506403042,writer,INT,,0
0f3838b0-be97-46be-b3b5-82266578582e,1n1lTyM0Sbr6d5AOdboOIcFT_sgsB8bWl,deepak@adyatest.com,08005348925248457086,owner,INT,,0
0f3838b0-be97-46be-b3b5-82266578582e,1n1lTyM0Sbr6d5AOdboOIcFT_sgsB8bWl,mktg@adyatest.com,06884616684275021194,writer,INT,,0
0f3838b0-be97-46be-b3b5-82266578582e,1n1lTyM0Sbr6d5AOdboOIcFT_sgsB8bWl,PUBLIC,anyone,reader,PUBLIC,,0
0f3838b0-be97-46be-b3b5-82266578582e,1NA95EAbilb-M8uUMWJ3lBI4UhxNzU1Mh,deepak@adyatest.com,08005348925248457086,writer,INT,,0
0f3838b0-be97-46be-b3b5-82266578582e,1NA95EAbilb-M8uUMWJ3lBI4UhxNzU1Mh,sales@adyatest.com,03673162328506403042,writer,INT,,0
0f3838b0-be97-46be-b3b5-82266578582e,1NA95EAbilb-M8uUMWJ3lBI4UhxNzU1Mh,sales_user_1@adyatest.com,11667871528211765552,owner,INT,,0
0f3838b0-be97-46be-b3b5-82266578582e,1NbOTBYEgjva8asqZFY0v8PrBpAcqPBS-,deepak@adyatest.com,08005348925248457086,writer,INT,,0
0f3838b0-be97-46be-b3b5-82266578582e,1NbOTBYEgjva8asqZFY0v8PrBpAcqPBS-,mktg@adyatest.com,06884616684275021194,writer,INT,,0
0f3838b0-be97-46be-b3b5-82266578582e,1NbOTBYEgjva8asqZFY0v8PrBpAcqPBS-,mktg_user_2@adyatest.com,13701269247808531792,owner,INT,,0
0f3838b0-be97-46be-b3b5-82266578582e,1NbOTBYEgjva8asqZFY0v8PrBpAcqPBS-,PUBLIC,anyone,reader,PUBLIC,,0
0f3838b0-be97-46be-b3b5-82266578582e,1NLVGnyaMWKbhD-3GWOsEGUA3ZRML-YB9,amit.agarwal@adya.io,15480560845680098755,writer,EXT,,0
0f3838b0-be97-46be-b3b5-82266578582e,1NLVGnyaMWKbhD-3GWOsEGUA3ZRML-YB9,deepak@adya.io,08821235096454607480,writer,EXT,,0
0f3838b0-be97-46be-b3b5-82266578582e,1NLVGnyaMWKbhD-3GWOsEGUA3ZRML-YB9,deepak@adyatest.com,08005348925248457086,writer,INT,,0
0f3838b0-be97-46be-b3b5-82266578582e,1NLVGnyaMWKbhD-3GWOsEGUA3ZRML-YB9,deepakbalakrishna@gmail.com,14086054958024239642,writer,EXT,,0
0f3838b0-be97-46be-b3b5-82266578582e,1NLVGnyaMWKbhD-3GWOsEGUA3ZRML-YB9,engg@adyatest.com,05396706730572163622,writer,INT,,0
0f3838b0-be97-46be-b3b5-82266578582e,1NLVGnyaMWKbhD-3GWOsEGUA3ZRML-YB9,engg_user_1@adyatest.com,00073409170730105766,writer,INT,,0
0f3838b0-be97-46be-b3b5-82266578582e,1NLVGnyaMWKbhD-3GWOsEGUA3ZRML-YB9,engg_user_2@adyatest.com,08464589733960295116,owner,INT,,0
0f3838b0-be97-46be-b3b5-82266578582e,1NLVGnyaMWKbhD-3GWOsEGUA3ZRML-YB9,mktg@adyatest.com,06884616684275021194,reader,INT,,0
0f3838b0-be97-46be-b3b5-82266578582e,1nNzEKgsy2resvllZBPn_TTQ7Dl8UGiIy,deepak@adyatest.com,08005348925248457086,writer,INT,,0
0f3838b0-be97-46be-b3b5-82266578582e,1nNzEKgsy2resvllZBPn_TTQ7Dl8UGiIy,mktg@adyatest.com,06884616684275021194,writer,INT,,0
0f3838b0-be97-46be-b3b5-82266578582e,1nNzEKgsy2resvllZBPn_TTQ7Dl8UGiIy,mktg_user_2@adyatest.com,13701269247808531792,owner,INT,,0
0f3838b0-be97-46be-b3b5-82266578582e,1nNzEKgsy2resvllZBPn_TTQ7Dl8UGiIy,__ANYONE__@adyatest.com,09522562856373921280k,writer,DOMAIN,,0
0f3838b0-be97-46be-b3b5-82266578582e,1nPfOc0ZILxhNkrYRy2y1Zq1A6P85zrZj,deepak@adyatest.com,08005348925248457086,owner,INT,,0
0f3838b0-be97-46be-b3b5-82266578582e,1nPfOc0ZILxhNkrYRy2y1Zq1A6P85zrZj,mktg@adyatest.com,06884616684275021194,writer,INT,,0
0f3838b0-be97-46be-b3b5-82266578582e,1NtCxd6el4zuaUbwiz6YkjFHzoFEW9d14,deepak@adyatest.com,08005348925248457086,owner,INT,,0
0f3838b0-be97-46be-b3b5-82266578582e,1NtCxd6el4zuaUbwiz6YkjFHzoFEW9d14,mktg@adyatest.com,06884616684275021194,writer,INT,,0
0f3838b0-be97-46be-b3b5-82266578582e,1NtCxd6el4zuaUbwiz6YkjFHzoFEW9d14,sales@adyatest.com,03673162328506403042,writer,INT,,0
0f3838b0-be97-46be-b3b5-82266578582e,1NW17E4NiUaJJOXoDm-u-rG_8uzL6D9WI,deepak@adyatest.com,08005348925248457086,writer,INT,,0
0f3838b0-be97-46be-b3b5-82266578582e,1NW17E4NiUaJJOXoDm-u-rG_8uzL6D9WI,mktg@adyatest.com,06884616684275021194,writer,INT,,0
0f3838b0-be97-46be-b3b5-82266578582e,1NW17E4NiUaJJOXoDm-u-rG_8uzL6D9WI,mktg_user_2@adyatest.com,13701269247808531792,owner,INT,,0
0f3838b0-be97-46be-b3b5-82266578582e,1NW17E4NiUaJJOXoDm-u-rG_8uzL6D9WI,PUBLIC,anyoneWithLink,reader,PUBLIC,,0
0f3838b0-be97-46be-b3b5-82266578582e,1o1xzw13fl_BG-LXRhepGuOobMPKXaDck,deepak@adyatest.com,08005348925248457086,owner,INT,,0
0f3838b0-be97-46be-b3b5-82266578582e,1o1xzw13fl_BG-LXRhepGuOobMPKXaDck,sales@adyatest.com,03673162328506403042,writer,INT,,0
0f3838b0-be97-46be-b3b5-82266578582e,1o1xzw13fl_BG-LXRhepGuOobMPKXaDck,__ANYONE__@adyatest.com,09522562856373921280k,reader,DOMAIN,,0
0f3838b0-be97-46be-b3b5-82266578582e,1o6np79LIyyGLuV5_IE1HB4AcrwYLU--9,deepak@adyatest.com,08005348925248457086,owner,INT,,0
0f3838b0-be97-46be-b3b5-82266578582e,1o6np79LIyyGLuV5_IE1HB4AcrwYLU--9,sales@adyatest.com,03673162328506403042,writer,INT,,0
0f3838b0-be97-46be-b3b5-82266578582e,1PcZpkUSBJKWtVC6dyYIrAA-Yr7xKN1_m,deepak@adyatest.com,08005348925248457086,writer,INT,,0
0f3838b0-be97-46be-b3b5-82266578582e,1PcZpkUSBJKWtVC6dyYIrAA-Yr7xKN1_m,engg@adyatest.com,05396706730572163622,writer,INT,,0
0f3838b0-be97-46be-b3b5-82266578582e,1PcZpkUSBJKWtVC6dyYIrAA-Yr7xKN1_m,engg_user_1@adyatest.com,00073409170730105766,owner,INT,,0
0f3838b0-be97-46be-b3b5-82266578582e,1pdiEAIE1VUW5OFD6JYJ3wHupqAwWTUv9,deepak@adyatest.com,08005348925248457086,owner,INT,,0
0f3838b0-be97-46be-b3b5-82266578582e,1pNFz-FbFDf-PlsdlhmUyNclsWRF7FAnY,deepak@adyatest.com,08005348925248457086,writer,INT,,0
0f3838b0-be97-46be-b3b5-82266578582e,1pNFz-FbFDf-PlsdlhmUyNclsWRF7FAnY,engg@adyatest.com,05396706730572163622,writer,INT,,0
0f3838b0-be97-46be-b3b5-82266578582e,1pNFz-FbFDf-PlsdlhmUyNclsWRF7FAnY,engg_user_1@adyatest.com,00073409170730105766,owner,INT,,0
0f3838b0-be97-46be-b3b5-82266578582e,1Q4yOc35duntF3_MCfJS0gfAJmpPY1-Jy,deepak@adyatest.com,08005348925248457086,owner,INT,,0
0f3838b0-be97-46be-b3b5-82266578582e,1Q4yOc35duntF3_MCfJS0gfAJmpPY1-Jy,mktg@adyatest.com,06884616684275021194,writer,INT,,0
0f3838b0-be97-46be-b3b5-82266578582e,1Q4yOc35duntF3_MCfJS0gfAJmpPY1-Jy,PUBLIC,anyone,reader,PUBLIC,,0
0f3838b0-be97-46be-b3b5-82266578582e,1QaSUypLtS0_PVYCsMRGpy0w9OzplO7Nc,deepak@adyatest.com,08005348925248457086,owner,INT,,0
0f3838b0-be97-46be-b3b5-82266578582e,1QaSUypLtS0_PVYCsMRGpy0w9OzplO7Nc,engg@adyatest.com,05396706730572163622,writer,INT,,0
0f3838b0-be97-46be-b3b5-82266578582e,1QaSUypLtS0_PVYCsMRGpy0w9OzplO7Nc,engg_user_1@adyatest.com,00073409170730105766,writer,INT,,0
0f3838b0-be97-46be-b3b5-82266578582e,1qBBAcWU-gy_tgG77XUUDIy1ukxzirlLF,deepak@adyatest.com,08005348925248457086,owner,INT,,0
0f3838b0-be97-46be-b3b5-82266578582e,1qBBAcWU-gy_tgG77XUUDIy1ukxzirlLF,mktg@adyatest.com,06884616684275021194,writer,INT,,0
0f3838b0-be97-46be-b3b5-82266578582e,1qBBAcWU-gy_tgG77XUUDIy1ukxzirlLF,PUBLIC,anyoneWithLink,reader,PUBLIC,,0
0f3838b0-be97-46be-b3b5-82266578582e,1qgZAwjWN_LbAjDxAtezdAnyRjsaz4ttC,deepak@adyatest.com,08005348925248457086,owner,INT,,0
0f3838b0-be97-46be-b3b5-82266578582e,1qgZAwjWN_LbAjDxAtezdAnyRjsaz4ttC,mktg@adyatest.com,06884616684275021194,writer,INT,,0
0f3838b0-be97-46be-b3b5-82266578582e,1qgZAwjWN_LbAjDxAtezdAnyRjsaz4ttC,sales@adyatest.com,03673162328506403042,writer,INT,,0
0f3838b0-be97-46be-b3b5-82266578582e,1QH0-k1iwrVLaashjFnphKXX96oqXn1cm,deepak@adyatest.com,08005348925248457086,owner,INT,,0
0f3838b0-be97-46be-b3b5-82266578582e,1QH0-k1iwrVLaashjFnphKXX96oqXn1cm,sales@adyatest.com,03673162328506403042,writer,INT,,0
0f3838b0-be97-46be-b3b5-82266578582e,1qsEVZNaJ241K-2NyZ1iR-gYR3HnKcLuD,deepak@adyatest.com,08005348925248457086,writer,INT,,0
0f3838b0-be97-46be-b3b5-82266578582e,1qsEVZNaJ241K-2NyZ1iR-gYR3HnKcLuD,sales@adyatest.com,03673162328506403042,writer,INT,,0
0f3838b0-be97-46be-b3b5-82266578582e,1qsEVZNaJ241K-2NyZ1iR-gYR3HnKcLuD,sales_user_1@adyatest.com,11667871528211765552,owner,INT,,0
0f3838b0-be97-46be-b3b5-82266578582e,1qtlO3ZltzuQ7T2Y3rPPN4Oncylw83oea,amit.agarwal@adya.io,15480560845680098755,writer,EXT,,0
0f3838b0-be97-46be-b3b5-82266578582e,1qtlO3ZltzuQ7T2Y3rPPN4Oncylw83oea,deepak@adya.io,08821235096454607480,writer,EXT,,0
0f3838b0-be97-46be-b3b5-82266578582e,1qtlO3ZltzuQ7T2Y3rPPN4Oncylw83oea,deepak@adyatest.com,08005348925248457086,writer,INT,,0
0f3838b0-be97-46be-b3b5-82266578582e,1qtlO3ZltzuQ7T2Y3rPPN4Oncylw83oea,deepakbalakrishna@gmail.com,14086054958024239642,writer,EXT,,0
0f3838b0-be97-46be-b3b5-82266578582e,1qtlO3ZltzuQ7T2Y3rPPN4Oncylw83oea,engg@adyatest.com,05396706730572163622,writer,INT,,0
0f3838b0-be97-46be-b3b5-82266578582e,1qtlO3ZltzuQ7T2Y3rPPN4Oncylw83oea,engg_user_1@adyatest.com,00073409170730105766,writer,INT,,0
0f3838b0-be97-46be-b3b5-82266578582e,1qtlO3ZltzuQ7T2Y3rPPN4Oncylw83oea,engg_user_2@adyatest.com,08464589733960295116,owner,INT,,0
0f3838b0-be97-46be-b3b5-82266578582e,1qtlO3ZltzuQ7T2Y3rPPN4Oncylw83oea,mktg@adyatest.com,06884616684275021194,reader,INT,,0
0f3838b0-be97-46be-b3b5-82266578582e,1r2IP4ASuzbWaeHzD9CMccLIDUGmDVvmq,deepak@adyatest.com,08005348925248457086,writer,INT,,0
0f3838b0-be97-46be-b3b5-82266578582e,1r2IP4ASuzbWaeHzD9CMccLIDUGmDVvmq,sales@adyatest.com,03673162328506403042,writer,INT,,0
0f3838b0-be97-46be-b3b5-82266578582e,1r2IP4ASuzbWaeHzD9CMccLIDUGmDVvmq,sales_user_1@adyatest.com,11667871528211765552,owner,INT,,0
0f3838b0-be97-46be-b3b5-82266578582e,1r5JHfQT6kq3i0aY5mE-Rnna-qVus-tXw,deepak@adyatest.com,08005348925248457086,writer,INT,,0
0f3838b0-be97-46be-b3b5-82266578582e,1r5JHfQT6kq3i0aY5mE-Rnna-qVus-tXw,mktg@adyatest.com,06884616684275021194,writer,INT,,0
0f3838b0-be97-46be-b3b5-82266578582e,1r5JHfQT6kq3i0aY5mE-Rnna-qVus-tXw,mktg_user_2@adyatest.com,13701269247808531792,owner,INT,,0
0f3838b0-be97-46be-b3b5-82266578582e,1r5JHfQT6kq3i0aY5mE-Rnna-qVus-tXw,PUBLIC,anyoneWithLink,reader,PUBLIC,,0
0f3838b0-be97-46be-b3b5-82266578582e,1rEMJkcvUUeJTu9ggoS-Ua4gu2N3Sd9ic,deepak@adyatest.com,08005348925248457086,writer,INT,,0
0f3838b0-be97-46be-b3b5-82266578582e,1rEMJkcvUUeJTu9ggoS-Ua4gu2N3Sd9ic,mktg@adyatest.com,06884616684275021194,writer,INT,,0
0f3838b0-be97-46be-b3b5-82266578582e,1rEMJkcvUUeJTu9ggoS-Ua4gu2N3Sd9ic,sales@adyatest.com,03673162328506403042,writer,INT,,0
0f3838b0-be97-46be-b3b5-82266578582e,1rEMJkcvUUeJTu9ggoS-Ua4gu2N3Sd9ic,sales_user_2@adyatest.com,00393929978492690049,owner,INT,,0
0f3838b0-be97-46be-b3b5-82266578582e,1RSVXfFVgijlvn93ArsqOYpcu9um8QU6z,deepak@adyatest.com,08005348925248457086,owner,INT,,0
0f3838b0-be97-46be-b3b5-82266578582e,1RSVXfFVgijlvn93ArsqOYpcu9um8QU6z,engg@adyatest.com,05396706730572163622,writer,INT,,0
0f3838b0-be97-46be-b3b5-82266578582e,1RSVXfFVgijlvn93ArsqOYpcu9um8QU6z,engg_user_1@adyatest.com,00073409170730105766,writer,INT,,0
0f3838b0-be97-46be-b3b5-82266578582e,1s16Q_M8TsAWzENKAdk_6zgLI5Zv-y8ZP,deepak@adyatest.com,08005348925248457086,writer,INT,,0
0f3838b0-be97-46be-b3b5-82266578582e,1s16Q_M8TsAWzENKAdk_6zgLI5Zv-y8ZP,mktg@adyatest.com,06884616684275021194,writer,INT,,0
0f3838b0-be97-46be-b3b5-82266578582e,1s16Q_M8TsAWzENKAdk_6zgLI5Zv-y8ZP,mktg_user_2@adyatest.com,13701269247808531792,owner,INT,,0
0f3838b0-be97-46be-b3b5-82266578582e,1s16Q_M8TsAWzENKAdk_6zgLI5Zv-y8ZP,__ANYONE__@adyatest.com,09522562856373921280k,writer,DOMAIN,,0
0f3838b0-be97-46be-b3b5-82266578582e,1S6zmIlO7GQJHlKSTqkxvdGrc7v5g1Wd7,deepak@adyatest.com,08005348925248457086,writer,INT,,0
0f3838b0-be97-46be-b3b5-82266578582e,1S6zmIlO7GQJHlKSTqkxvdGrc7v5g1Wd7,mktg@adyatest.com,06884616684275021194,writer,INT,,0
0f3838b0-be97-46be-b3b5-82266578582e,1S6zmIlO7GQJHlKSTqkxvdGrc7v5g1Wd7,mktg_user_2@adyatest.com,13701269247808531792,owner,INT,,0
0f3838b0-be97-46be-b3b5-82266578582e,1S6zmIlO7GQJHlKSTqkxvdGrc7v5g1Wd7,PUBLIC,anyone,reader,PUBLIC,,0
0f3838b0-be97-46be-b3b5-82266578582e,1sBFV6thkkFIjtNicnfztOUATPt_pn6t1,deepak@adyatest.com,08005348925248457086,writer,INT,,0
0f3838b0-be97-46be-b3b5-82266578582e,1sBFV6thkkFIjtNicnfztOUATPt_pn6t1,mktg@adyatest.com,06884616684275021194,writer,INT,,0
0f3838b0-be97-46be-b3b5-82266578582e,1sBFV6thkkFIjtNicnfztOUATPt_pn6t1,mktg_user_2@adyatest.com,13701269247808531792,owner,INT,,0
0f3838b0-be97-46be-b3b5-82266578582e,1sBFV6thkkFIjtNicnfztOUATPt_pn6t1,sales@adyatest.com,03673162328506403042,writer,INT,,0
0f3838b0-be97-46be-b3b5-82266578582e,1SCJPykn4ZxTSoK8g8TpHtCAugNKdedVp,deepak@adyatest.com,08005348925248457086,owner,INT,,0
0f3838b0-be97-46be-b3b5-82266578582e,1SCJPykn4ZxTSoK8g8TpHtCAugNKdedVp,mktg@adyatest.com,06884616684275021194,writer,INT,,0
0f3838b0-be97-46be-b3b5-82266578582e,1SCJPykn4ZxTSoK8g8TpHtCAugNKdedVp,__ANYONE__@adyatest.com,09522562856373921280k,writer,DOMAIN,,0
0f3838b0-be97-46be-b3b5-82266578582e,1Shzpcb0P1TwIzCgbQyzH-XGIEqk3To07,deepak@adyatest.com,08005348925248457086,owner,INT,,0
0f3838b0-be97-46be-b3b5-82266578582e,1t4CeHQWUPwnOvhg2hS4NORww3H3OwOOW,deepak@adyatest.com,08005348925248457086,owner,INT,,0
0f3838b0-be97-46be-b3b5-82266578582e,1t4CeHQWUPwnOvhg2hS4NORww3H3OwOOW,sales@adyatest.com,03673162328506403042,writer,INT,,0
0f3838b0-be97-46be-b3b5-82266578582e,1t4CeHQWUPwnOvhg2hS4NORww3H3OwOOW,__ANYONE__@adyatest.com,09522562856373921280k,reader,DOMAIN,,0
0f3838b0-be97-46be-b3b5-82266578582e,1tfNh8VOrmU9UYeK7n7BxFAwz124kwr2Y,deepak@adyatest.com,08005348925248457086,owner,INT,,0
0f3838b0-be97-46be-b3b5-82266578582e,1tfNh8VOrmU9UYeK7n7BxFAwz124kwr2Y,mktg@adyatest.com,06884616684275021194,writer,INT,,0
0f3838b0-be97-46be-b3b5-82266578582e,1tfNh8VOrmU9UYeK7n7BxFAwz124kwr2Y,sales@adyatest.com,03673162328506403042,writer,INT,,0
0f3838b0-be97-46be-b3b5-82266578582e,1tfvkLYiRdB3AnJE0_RFlmg6KSc4Ka4f0,deepak@adyatest.com,08005348925248457086,writer,INT,,0
0f3838b0-be97-46be-b3b5-82266578582e,1tfvkLYiRdB3AnJE0_RFlmg6KSc4Ka4f0,engg@adyatest.com,05396706730572163622,writer,INT,,0
0f3838b0-be97-46be-b3b5-82266578582e,1tfvkLYiRdB3AnJE0_RFlmg6KSc4Ka4f0,engg_user_1@adyatest.com,00073409170730105766,owner,INT,,0
0f3838b0-be97-46be-b3b5-82266578582e,1tkXo2ql5xmPBeHaMdK-gealuBm1uE-3t,deepak@adyatest.com,08005348925248457086,writer,INT,,0
0f3838b0-be97-46be-b3b5-82266578582e,1tkXo2ql5xmPBeHaMdK-gealuBm1uE-3t,mktg@adyatest.com,06884616684275021194,writer,INT,,0
0f3838b0-be97-46be-b3b5-82266578582e,1tkXo2ql5xmPBeHaMdK-gealuBm1uE-3t,sales@adyatest.com,03673162328506403042,writer,INT,,0
0f3838b0-be97-46be-b3b5-82266578582e,1tkXo2ql5xmPBeHaMdK-gealuBm1uE-3t,sales_user_2@adyatest.com,00393929978492690049,owner,INT,,0
0f3838b0-be97-46be-b3b5-82266578582e,1TlI170DHuqu0jt7CysD32cxJrFxZDwWk,deepak@adyatest.com,08005348925248457086,owner,INT,,0
0f3838b0-be97-46be-b3b5-82266578582e,1TlI170DHuqu0jt7CysD32cxJrFxZDwWk,mktg@adyatest.com,06884616684275021194,writer,INT,,0
0f3838b0-be97-46be-b3b5-82266578582e,1TpmbZhwVJdJW-_qKCqD98Nw6VUvd_pK0,deepak@adyatest.com,08005348925248457086,writer,INT,,0
0f3838b0-be97-46be-b3b5-82266578582e,1TpmbZhwVJdJW-_qKCqD98Nw6VUvd_pK0,mktg@adyatest.com,06884616684275021194,writer,INT,,0
0f3838b0-be97-46be-b3b5-82266578582e,1TpmbZhwVJdJW-_qKCqD98Nw6VUvd_pK0,sales@adyatest.com,03673162328506403042,writer,INT,,0
0f3838b0-be97-46be-b3b5-82266578582e,1TpmbZhwVJdJW-_qKCqD98Nw6VUvd_pK0,sales_user_2@adyatest.com,00393929978492690049,owner,INT,,0
0f3838b0-be97-46be-b3b5-82266578582e,1Tu0lEXU0F4uNpS6XsBtc3tvC5vIABP61,deepak@adyatest.com,08005348925248457086,writer,INT,,0
0f3838b0-be97-46be-b3b5-82266578582e,1Tu0lEXU0F4uNpS6XsBtc3tvC5vIABP61,mktg@adyatest.com,06884616684275021194,writer,INT,,0
0f3838b0-be97-46be-b3b5-82266578582e,1Tu0lEXU0F4uNpS6XsBtc3tvC5vIABP61,mktg_user_2@adyatest.com,13701269247808531792,owner,INT,,0
0f3838b0-be97-46be-b3b5-82266578582e,1Tu0lEXU0F4uNpS6XsBtc3tvC5vIABP61,PUBLIC,anyoneWithLink,reader,PUBLIC,,0
0f3838b0-be97-46be-b3b5-82266578582e,1tZFpWDLJd-Xi_G0xuKg9y2ukQF6OirS-,deepak@adyatest.com,08005348925248457086,writer,INT,,0
0f3838b0-be97-46be-b3b5-82266578582e,1tZFpWDLJd-Xi_G0xuKg9y2ukQF6OirS-,mktg@adyatest.com,06884616684275021194,writer,INT,,0
0f3838b0-be97-46be-b3b5-82266578582e,1tZFpWDLJd-Xi_G0xuKg9y2ukQF6OirS-,mktg_user_2@adyatest.com,13701269247808531792,owner,INT,,0
0f3838b0-be97-46be-b3b5-82266578582e,1tZFpWDLJd-Xi_G0xuKg9y2ukQF6OirS-,__ANYONE__@adyatest.com,09522562856373921280k,writer,DOMAIN,,0
0f3838b0-be97-46be-b3b5-82266578582e,1u-4QNQYj3dtQM0RCxnF7BGp3F7v3iAxC,deepak@adyatest.com,08005348925248457086,writer,INT,,0
0f3838b0-be97-46be-b3b5-82266578582e,1u-4QNQYj3dtQM0RCxnF7BGp3F7v3iAxC,sales@adyatest.com,03673162328506403042,writer,INT,,0
0f3838b0-be97-46be-b3b5-82266578582e,1u-4QNQYj3dtQM0RCxnF7BGp3F7v3iAxC,sales_user_2@adyatest.com,00393929978492690049,owner,INT,,0
0f3838b0-be97-46be-b3b5-82266578582e,1u-4QNQYj3dtQM0RCxnF7BGp3F7v3iAxC,__ANYONE__@adyatest.com,09522562856373921280k,reader,DOMAIN,,0
0f3838b0-be97-46be-b3b5-82266578582e,1uagcvooQNzHrvMObw2_v_YLJUvVh5Nw2,deepak@adyatest.com,08005348925248457086,writer,INT,,0
0f3838b0-be97-46be-b3b5-82266578582e,1uagcvooQNzHrvMObw2_v_YLJUvVh5Nw2,mktg@adyatest.com,06884616684275021194,writer,INT,,0
0f3838b0-be97-46be-b3b5-82266578582e,1uagcvooQNzHrvMObw2_v_YLJUvVh5Nw2,sales@adyatest.com,03673162328506403042,writer,INT,,0
0f3838b0-be97-46be-b3b5-82266578582e,1uagcvooQNzHrvMObw2_v_YLJUvVh5Nw2,sales_user_2@adyatest.com,00393929978492690049,owner,INT,,0
0f3838b0-be97-46be-b3b5-82266578582e,1Ul_EYwKWTt0IAAYMw_u5hcGhGs5lo2n_,deepak@adyatest.com,08005348925248457086,writer,INT,,0
0f3838b0-be97-46be-b3b5-82266578582e,1Ul_EYwKWTt0IAAYMw_u5hcGhGs5lo2n_,mktg@adyatest.com,06884616684275021194,writer,INT,,0
0f3838b0-be97-46be-b3b5-82266578582e,1Ul_EYwKWTt0IAAYMw_u5hcGhGs5lo2n_,mktg_user_2@adyatest.com,13701269247808531792,owner,INT,,0
0f3838b0-be97-46be-b3b5-82266578582e,1Ul_EYwKWTt0IAAYMw_u5hcGhGs5lo2n_,PUBLIC,anyone,reader,PUBLIC,,0
0f3838b0-be97-46be-b3b5-82266578582e,1uTxlycZeTqrvbvW9uL4nnJ1C4WnZ7QLW,deepak@adyatest.com,08005348925248457086,owner,INT,,0
0f3838b0-be97-46be-b3b5-82266578582e,1uUGMrJRyPZFUppvEkHQG74D9GmeLZVmC,amit.agarwal@adya.io,15480560845680098755,writer,EXT,,0
0f3838b0-be97-46be-b3b5-82266578582e,1uUGMrJRyPZFUppvEkHQG74D9GmeLZVmC,deepak@adya.io,08821235096454607480,writer,EXT,,0
0f3838b0-be97-46be-b3b5-82266578582e,1uUGMrJRyPZFUppvEkHQG74D9GmeLZVmC,deepak@adyatest.com,08005348925248457086,writer,INT,,0
0f3838b0-be97-46be-b3b5-82266578582e,1uUGMrJRyPZFUppvEkHQG74D9GmeLZVmC,deepakbalakrishna@gmail.com,14086054958024239642,writer,EXT,,0
0f3838b0-be97-46be-b3b5-82266578582e,1uUGMrJRyPZFUppvEkHQG74D9GmeLZVmC,engg@adyatest.com,05396706730572163622,writer,INT,,0
0f3838b0-be97-46be-b3b5-82266578582e,1uUGMrJRyPZFUppvEkHQG74D9GmeLZVmC,engg_user_1@adyatest.com,00073409170730105766,writer,INT,,0
0f3838b0-be97-46be-b3b5-82266578582e,1uUGMrJRyPZFUppvEkHQG74D9GmeLZVmC,engg_user_2@adyatest.com,08464589733960295116,owner,INT,,0
0f3838b0-be97-46be-b3b5-82266578582e,1uUGMrJRyPZFUppvEkHQG74D9GmeLZVmC,mktg@adyatest.com,06884616684275021194,reader,INT,,0
0f3838b0-be97-46be-b3b5-82266578582e,1Ux6jHXQoOxF6PhMHR4z76SnsCAmUZ-n1,deepak@adyatest.com,08005348925248457086,owner,INT,,0
0f3838b0-be97-46be-b3b5-82266578582e,1Ux6jHXQoOxF6PhMHR4z76SnsCAmUZ-n1,mktg@adyatest.com,06884616684275021194,writer,INT,,0
0f3838b0-be97-46be-b3b5-82266578582e,1VaPUMpaX4iMAvCbnAIs_5R9W0jS1gdZf,amit.agarwal@adyatest.com,15822257534904705980,writer,INT,,0
0f3838b0-be97-46be-b3b5-82266578582e,1VaPUMpaX4iMAvCbnAIs_5R9W0jS1gdZf,deepak@adyatest.com,08005348925248457086,owner,INT,,0
0f3838b0-be97-46be-b3b5-82266578582e,1VaPUMpaX4iMAvCbnAIs_5R9W0jS1gdZf,mktg_user_1@adyatest.com,15769082913330939955,writer,INT,,0
0f3838b0-be97-46be-b3b5-82266578582e,1vh_4tMcNjAb4qEqLa2OJv3TUQ950g8Z8,deepak@adyatest.com,08005348925248457086,owner,INT,,0
0f3838b0-be97-46be-b3b5-82266578582e,1vh_4tMcNjAb4qEqLa2OJv3TUQ950g8Z8,mktg@adyatest.com,06884616684275021194,writer,INT,,0
0f3838b0-be97-46be-b3b5-82266578582e,1vh_4tMcNjAb4qEqLa2OJv3TUQ950g8Z8,sales@adyatest.com,03673162328506403042,writer,INT,,0
0f3838b0-be97-46be-b3b5-82266578582e,1VKWWi5TjwPIVTTsdmgyojtFzWIlXGAqG,deepak@adyatest.com,08005348925248457086,owner,INT,,0
0f3838b0-be97-46be-b3b5-82266578582e,1VKWWi5TjwPIVTTsdmgyojtFzWIlXGAqG,sales@adyatest.com,03673162328506403042,writer,INT,,0
0f3838b0-be97-46be-b3b5-82266578582e,1vRmizmOyz8yDIAnxqX-2f90twAKOR00Y,deepak@adyatest.com,08005348925248457086,writer,INT,,0
0f3838b0-be97-46be-b3b5-82266578582e,1vRmizmOyz8yDIAnxqX-2f90twAKOR00Y,mktg@adyatest.com,06884616684275021194,writer,INT,,0
0f3838b0-be97-46be-b3b5-82266578582e,1vRmizmOyz8yDIAnxqX-2f90twAKOR00Y,mktg_user_2@adyatest.com,13701269247808531792,owner,INT,,0
0f3838b0-be97-46be-b3b5-82266578582e,1vRmizmOyz8yDIAnxqX-2f90twAKOR00Y,sales@adyatest.com,03673162328506403042,writer,INT,,0
0f3838b0-be97-46be-b3b5-82266578582e,1vV2ILCea4W1pnA8YiJA-5elkiaiuuld4,deepak@adyatest.com,08005348925248457086,writer,INT,,0
0f3838b0-be97-46be-b3b5-82266578582e,1vV2ILCea4W1pnA8YiJA-5elkiaiuuld4,sales@adyatest.com,03673162328506403042,writer,INT,,0
0f3838b0-be97-46be-b3b5-82266578582e,1vV2ILCea4W1pnA8YiJA-5elkiaiuuld4,sales_user_1@adyatest.com,11667871528211765552,owner,INT,,0
0f3838b0-be97-46be-b3b5-82266578582e,1vYpTJ1RMCwBi4NNivLBrNghQoYgP0dYO,deepak@adyatest.com,08005348925248457086,writer,INT,,0
0f3838b0-be97-46be-b3b5-82266578582e,1vYpTJ1RMCwBi4NNivLBrNghQoYgP0dYO,mktg@adyatest.com,06884616684275021194,writer,INT,,0
0f3838b0-be97-46be-b3b5-82266578582e,1vYpTJ1RMCwBi4NNivLBrNghQoYgP0dYO,mktg_user_1@adyatest.com,15769082913330939955,owner,INT,,0
0f3838b0-be97-46be-b3b5-82266578582e,1W1AeOwap6r8WAEg9VXEsthHMhzFxHURj,deepak@adyatest.com,08005348925248457086,owner,INT,,0
0f3838b0-be97-46be-b3b5-82266578582e,1W1AeOwap6r8WAEg9VXEsthHMhzFxHURj,mktg@adyatest.com,06884616684275021194,writer,INT,,0
0f3838b0-be97-46be-b3b5-82266578582e,1W1AeOwap6r8WAEg9VXEsthHMhzFxHURj,PUBLIC,anyoneWithLink,reader,PUBLIC,,0
0f3838b0-be97-46be-b3b5-82266578582e,1wDel1oUM1PX64f86_P7ttCCZ-PktIo3f,deepak@adyatest.com,08005348925248457086,writer,INT,,0
0f3838b0-be97-46be-b3b5-82266578582e,1wDel1oUM1PX64f86_P7ttCCZ-PktIo3f,mktg@adyatest.com,06884616684275021194,writer,INT,,0
0f3838b0-be97-46be-b3b5-82266578582e,1wDel1oUM1PX64f86_P7ttCCZ-PktIo3f,mktg_user_2@adyatest.com,13701269247808531792,owner,INT,,0
0f3838b0-be97-46be-b3b5-82266578582e,1wDel1oUM1PX64f86_P7ttCCZ-PktIo3f,__ANYONE__@adyatest.com,09522562856373921280k,writer,DOMAIN,,0
0f3838b0-be97-46be-b3b5-82266578582e,1wEtdsmw7F99jB6E32bI2ips0OuDkocjT,deepak@adyatest.com,08005348925248457086,writer,INT,,0
0f3838b0-be97-46be-b3b5-82266578582e,1wEtdsmw7F99jB6E32bI2ips0OuDkocjT,mktg@adyatest.com,06884616684275021194,writer,INT,,0
0f3838b0-be97-46be-b3b5-82266578582e,1wEtdsmw7F99jB6E32bI2ips0OuDkocjT,sales@adyatest.com,03673162328506403042,writer,INT,,0
0f3838b0-be97-46be-b3b5-82266578582e,1wEtdsmw7F99jB6E32bI2ips0OuDkocjT,sales_user_2@adyatest.com,00393929978492690049,owner,INT,,0
0f3838b0-be97-46be-b3b5-82266578582e,1Wf4bgOeGC5vOejFugJnIwwTEITmdt0XR,deepak@adyatest.com,08005348925248457086,writer,INT,,0
0f3838b0-be97-46be-b3b5-82266578582e,1Wf4bgOeGC5vOejFugJnIwwTEITmdt0XR,engg@adyatest.com,05396706730572163622,writer,INT,,0
0f3838b0-be97-46be-b3b5-82266578582e,1Wf4bgOeGC5vOejFugJnIwwTEITmdt0XR,engg_user_1@adyatest.com,00073409170730105766,owner,INT,,0
0f3838b0-be97-46be-b3b5-82266578582e,1wP9La5KIcdXXcAVLkeiAQXgFXM1378qV,deepak@adyatest.com,08005348925248457086,owner,INT,,0
0f3838b0-be97-46be-b3b5-82266578582e,1wP9La5KIcdXXcAVLkeiAQXgFXM1378qV,engg@adyatest.com,05396706730572163622,writer,INT,,0
0f3838b0-be97-46be-b3b5-82266578582e,1wP9La5KIcdXXcAVLkeiAQXgFXM1378qV,engg_user_1@adyatest.com,00073409170730105766,writer,INT,,0
0f3838b0-be97-46be-b3b5-82266578582e,1WpcAp8WLjF2P_PBNrmrALzYZaKG3fWVJ,deepak@adyatest.com,08005348925248457086,owner,INT,,0
0f3838b0-be97-46be-b3b5-82266578582e,1WpcAp8WLjF2P_PBNrmrALzYZaKG3fWVJ,engg@adyatest.com,05396706730572163622,writer,INT,,0
0f3838b0-be97-46be-b3b5-82266578582e,1WpcAp8WLjF2P_PBNrmrALzYZaKG3fWVJ,engg_user_1@adyatest.com,00073409170730105766,writer,INT,,0
0f3838b0-be97-46be-b3b5-82266578582e,1wytRWi6LY52gWqSXOt9wnp6oH4m1Ape7946vPZpqFmg,deepak@adyatest.com,08005348925248457086,owner,INT,,0
0f3838b0-be97-46be-b3b5-82266578582e,1w_ehMUWcz2ww8_AVdslF-G-sgf_1E86Z,amit.agarwal@adya.io,15480560845680098755,writer,EXT,,0
0f3838b0-be97-46be-b3b5-82266578582e,1w_ehMUWcz2ww8_AVdslF-G-sgf_1E86Z,deepak@adya.io,08821235096454607480,writer,EXT,,0
0f3838b0-be97-46be-b3b5-82266578582e,1w_ehMUWcz2ww8_AVdslF-G-sgf_1E86Z,deepak@adyatest.com,08005348925248457086,writer,INT,,0
0f3838b0-be97-46be-b3b5-82266578582e,1w_ehMUWcz2ww8_AVdslF-G-sgf_1E86Z,deepakbalakrishna@gmail.com,14086054958024239642,writer,EXT,,0
0f3838b0-be97-46be-b3b5-82266578582e,1w_ehMUWcz2ww8_AVdslF-G-sgf_1E86Z,engg@adyatest.com,05396706730572163622,writer,INT,,0
0f3838b0-be97-46be-b3b5-82266578582e,1w_ehMUWcz2ww8_AVdslF-G-sgf_1E86Z,engg_user_1@adyatest.com,00073409170730105766,writer,INT,,0
0f3838b0-be97-46be-b3b5-82266578582e,1w_ehMUWcz2ww8_AVdslF-G-sgf_1E86Z,engg_user_2@adyatest.com,08464589733960295116,owner,INT,,0
0f3838b0-be97-46be-b3b5-82266578582e,1w_ehMUWcz2ww8_AVdslF-G-sgf_1E86Z,mktg@adyatest.com,06884616684275021194,reader,INT,,0
0f3838b0-be97-46be-b3b5-82266578582e,1X3yR0-Pv1W6_CdKWQXeZNl3Jjx14-_yS,deepak@adyatest.com,08005348925248457086,owner,INT,,0
0f3838b0-be97-46be-b3b5-82266578582e,1X3yR0-Pv1W6_CdKWQXeZNl3Jjx14-_yS,sales@adyatest.com,03673162328506403042,writer,INT,,0
0f3838b0-be97-46be-b3b5-82266578582e,1X3yR0-Pv1W6_CdKWQXeZNl3Jjx14-_yS,__ANYONE__@adyatest.com,09522562856373921280k,reader,DOMAIN,,0
0f3838b0-be97-46be-b3b5-82266578582e,1XBOxcAi5hoxK43EHuN68HIAc0yCIR9M2,deepak@adyatest.com,08005348925248457086,owner,INT,,0
0f3838b0-be97-46be-b3b5-82266578582e,1XBOxcAi5hoxK43EHuN68HIAc0yCIR9M2,sales@adyatest.com,03673162328506403042,writer,INT,,0
0f3838b0-be97-46be-b3b5-82266578582e,1XBOxcAi5hoxK43EHuN68HIAc0yCIR9M2,__ANYONE__@adyatest.com,09522562856373921280k,reader,DOMAIN,,0
0f3838b0-be97-46be-b3b5-82266578582e,1XcHtLVRtf4H0MpbYBNUg5n_EIUlpKsDO,deepak@adyatest.com,08005348925248457086,owner,INT,,0
0f3838b0-be97-46be-b3b5-82266578582e,1XcHtLVRtf4H0MpbYBNUg5n_EIUlpKsDO,finance@adyatest.com,08625408871025890536,writer,INT,,0
0f3838b0-be97-46be-b3b5-82266578582e,1XiCHAcCyvCIdvGtDMH4DrN4upUNp93tu,deepak@adyatest.com,08005348925248457086,owner,INT,,0
0f3838b0-be97-46be-b3b5-82266578582e,1XiCHAcCyvCIdvGtDMH4DrN4upUNp93tu,mktg@adyatest.com,06884616684275021194,writer,INT,,0
0f3838b0-be97-46be-b3b5-82266578582e,1XiCHAcCyvCIdvGtDMH4DrN4upUNp93tu,sales@adyatest.com,03673162328506403042,writer,INT,,0
0f3838b0-be97-46be-b3b5-82266578582e,1xnRZjOEfx2pD7BQNxwHP9jF5FqmBtwFt,deepak@adyatest.com,08005348925248457086,owner,INT,,0
0f3838b0-be97-46be-b3b5-82266578582e,1xnRZjOEfx2pD7BQNxwHP9jF5FqmBtwFt,mktg@adyatest.com,06884616684275021194,writer,INT,,0
0f3838b0-be97-46be-b3b5-82266578582e,1xnRZjOEfx2pD7BQNxwHP9jF5FqmBtwFt,PUBLIC,anyone,reader,PUBLIC,,0
0f3838b0-be97-46be-b3b5-82266578582e,1XOwFn-5d0Chnn8KmAXQFYOi6dtI4l0sS,deepak@adyatest.com,08005348925248457086,writer,INT,,0
0f3838b0-be97-46be-b3b5-82266578582e,1XOwFn-5d0Chnn8KmAXQFYOi6dtI4l0sS,mktg@adyatest.com,06884616684275021194,writer,INT,,0
0f3838b0-be97-46be-b3b5-82266578582e,1XOwFn-5d0Chnn8KmAXQFYOi6dtI4l0sS,mktg_user_2@adyatest.com,13701269247808531792,owner,INT,,0
0f3838b0-be97-46be-b3b5-82266578582e,1XOwFn-5d0Chnn8KmAXQFYOi6dtI4l0sS,sales@adyatest.com,03673162328506403042,writer,INT,,0
0f3838b0-be97-46be-b3b5-82266578582e,1xpx3abH_fEEMwPM4ZeXHxisuzYa0yTH_,deepak@adyatest.com,08005348925248457086,owner,INT,,0
0f3838b0-be97-46be-b3b5-82266578582e,1xpx3abH_fEEMwPM4ZeXHxisuzYa0yTH_,sales@adyatest.com,03673162328506403042,writer,INT,,0
0f3838b0-be97-46be-b3b5-82266578582e,1Y2eMhFyFangQOLNSaj18LhXjmxAZy-ks,deepak@adyatest.com,08005348925248457086,writer,INT,,0
0f3838b0-be97-46be-b3b5-82266578582e,1Y2eMhFyFangQOLNSaj18LhXjmxAZy-ks,sales@adyatest.com,03673162328506403042,writer,INT,,0
0f3838b0-be97-46be-b3b5-82266578582e,1Y2eMhFyFangQOLNSaj18LhXjmxAZy-ks,sales_user_2@adyatest.com,00393929978492690049,owner,INT,,0
0f3838b0-be97-46be-b3b5-82266578582e,1Y2eMhFyFangQOLNSaj18LhXjmxAZy-ks,__ANYONE__@adyatest.com,09522562856373921280k,reader,DOMAIN,,0
0f3838b0-be97-46be-b3b5-82266578582e,1yfBTJwhkJihI2Skzb5HQcrtt2SqxeHLa,deepak@adyatest.com,08005348925248457086,owner,INT,,0
0f3838b0-be97-46be-b3b5-82266578582e,1yfBTJwhkJihI2Skzb5HQcrtt2SqxeHLa,sales@adyatest.com,03673162328506403042,writer,INT,,0
0f3838b0-be97-46be-b3b5-82266578582e,1yfBTJwhkJihI2Skzb5HQcrtt2SqxeHLa,__ANYONE__@adyatest.com,09522562856373921280k,reader,DOMAIN,,0
0f3838b0-be97-46be-b3b5-82266578582e,1YpV3ZbWzPhntAkcXI0OrF3o_bdoVWT1E,amit.agarwal@adya.io,15480560845680098755,writer,EXT,,0
0f3838b0-be97-46be-b3b5-82266578582e,1YpV3ZbWzPhntAkcXI0OrF3o_bdoVWT1E,deepak@adya.io,08821235096454607480,writer,EXT,,0
0f3838b0-be97-46be-b3b5-82266578582e,1YpV3ZbWzPhntAkcXI0OrF3o_bdoVWT1E,deepak@adyatest.com,08005348925248457086,owner,INT,,0
0f3838b0-be97-46be-b3b5-82266578582e,1YpV3ZbWzPhntAkcXI0OrF3o_bdoVWT1E,deepakbalakrishna@gmail.com,14086054958024239642,writer,EXT,,0
0f3838b0-be97-46be-b3b5-82266578582e,1YpV3ZbWzPhntAkcXI0OrF3o_bdoVWT1E,engg@adyatest.com,05396706730572163622,writer,INT,,0
0f3838b0-be97-46be-b3b5-82266578582e,1YpV3ZbWzPhntAkcXI0OrF3o_bdoVWT1E,engg_user_1@adyatest.com,00073409170730105766,writer,INT,,0
0f3838b0-be97-46be-b3b5-82266578582e,1YpV3ZbWzPhntAkcXI0OrF3o_bdoVWT1E,mktg@adyatest.com,06884616684275021194,reader,INT,,0
0f3838b0-be97-46be-b3b5-82266578582e,1YPx7RWdJWaq9yjhGUo3vwG18vHTDDuG0,deepak@adyatest.com,08005348925248457086,owner,INT,,0
0f3838b0-be97-46be-b3b5-82266578582e,1YPx7RWdJWaq9yjhGUo3vwG18vHTDDuG0,mktg@adyatest.com,06884616684275021194,writer,INT,,0
0f3838b0-be97-46be-b3b5-82266578582e,1YPx7RWdJWaq9yjhGUo3vwG18vHTDDuG0,__ANYONE__@adyatest.com,09522562856373921280k,writer,DOMAIN,,0
0f3838b0-be97-46be-b3b5-82266578582e,1YWu1xWCIraTxL_CRXa_3PJ-NKKKd908K,deepak@adyatest.com,08005348925248457086,writer,INT,,0
0f3838b0-be97-46be-b3b5-82266578582e,1YWu1xWCIraTxL_CRXa_3PJ-NKKKd908K,mktg@adyatest.com,06884616684275021194,writer,INT,,0
0f3838b0-be97-46be-b3b5-82266578582e,1YWu1xWCIraTxL_CRXa_3PJ-NKKKd908K,mktg_user_2@adyatest.com,13701269247808531792,owner,INT,,0
0f3838b0-be97-46be-b3b5-82266578582e,1YWu1xWCIraTxL_CRXa_3PJ-NKKKd908K,PUBLIC,anyone,reader,PUBLIC,,0
0f3838b0-be97-46be-b3b5-82266578582e,1yyHsMMyGkQXd0uWK8hwaJNCH8jcZFR5j,deepak@adyatest.com,08005348925248457086,owner,INT,,0
0f3838b0-be97-46be-b3b5-82266578582e,1yyHsMMyGkQXd0uWK8hwaJNCH8jcZFR5j,mktg@adyatest.com,06884616684275021194,writer,INT,,0
0f3838b0-be97-46be-b3b5-82266578582e,1Z2ziSa8o2mlwjg1fdUVMd6HvZLajl8wT,deepak@adyatest.com,08005348925248457086,writer,INT,,0
0f3838b0-be97-46be-b3b5-82266578582e,1Z2ziSa8o2mlwjg1fdUVMd6HvZLajl8wT,mktg@adyatest.com,06884616684275021194,writer,INT,,0
0f3838b0-be97-46be-b3b5-82266578582e,1Z2ziSa8o2mlwjg1fdUVMd6HvZLajl8wT,mktg_user_1@adyatest.com,15769082913330939955,owner,INT,,0
0f3838b0-be97-46be-b3b5-82266578582e,1zeWVaRi17j8EecVJdXQnt3cx5nkux_SX,deepak@adyatest.com,08005348925248457086,owner,INT,,0
0f3838b0-be97-46be-b3b5-82266578582e,1zeWVaRi17j8EecVJdXQnt3cx5nkux_SX,sales@adyatest.com,03673162328506403042,writer,INT,,0
0f3838b0-be97-46be-b3b5-82266578582e,1zLlmhxW_up2JuuliJKi05YpfxjfiFPns,deepak@adyatest.com,08005348925248457086,writer,INT,,0
0f3838b0-be97-46be-b3b5-82266578582e,1zLlmhxW_up2JuuliJKi05YpfxjfiFPns,mktg@adyatest.com,06884616684275021194,writer,INT,,0
0f3838b0-be97-46be-b3b5-82266578582e,1zLlmhxW_up2JuuliJKi05YpfxjfiFPns,sales@adyatest.com,03673162328506403042,writer,INT,,0
0f3838b0-be97-46be-b3b5-82266578582e,1zLlmhxW_up2JuuliJKi05YpfxjfiFPns,sales_user_2@adyatest.com,00393929978492690049,owner,INT,,0
0f3838b0-be97-46be-b3b5-82266578582e,1ZQD83KpUgyDdyW1_hVvmA5lymjlFVfvX,deepak@adyatest.com,08005348925248457086,writer,INT,,0
0f3838b0-be97-46be-b3b5-82266578582e,1ZQD83KpUgyDdyW1_hVvmA5lymjlFVfvX,mktg@adyatest.com,06884616684275021194,writer,INT,,0
0f3838b0-be97-46be-b3b5-82266578582e,1ZQD83KpUgyDdyW1_hVvmA5lymjlFVfvX,mktg_user_1@adyatest.com,15769082913330939955,owner,INT,,0
0f3838b0-be97-46be-b3b5-82266578582e,1zvCpM1t2V89w4UT4Mmj_iVNJSZjIJvDd,amit.agarwal@adya.io,15480560845680098755,writer,EXT,,0
0f3838b0-be97-46be-b3b5-82266578582e,1zvCpM1t2V89w4UT4Mmj_iVNJSZjIJvDd,deepak@adya.io,08821235096454607480,writer,EXT,,0
0f3838b0-be97-46be-b3b5-82266578582e,1zvCpM1t2V89w4UT4Mmj_iVNJSZjIJvDd,deepak@adyatest.com,08005348925248457086,owner,INT,,0
0f3838b0-be97-46be-b3b5-82266578582e,1zvCpM1t2V89w4UT4Mmj_iVNJSZjIJvDd,deepakbalakrishna@gmail.com,14086054958024239642,writer,EXT,,0
0f3838b0-be97-46be-b3b5-82266578582e,1zvCpM1t2V89w4UT4Mmj_iVNJSZjIJvDd,engg@adyatest.com,05396706730572163622,writer,INT,,0
0f3838b0-be97-46be-b3b5-82266578582e,1zvCpM1t2V89w4UT4Mmj_iVNJSZjIJvDd,engg_user_1@adyatest.com,00073409170730105766,writer,INT,,0
0f3838b0-be97-46be-b3b5-82266578582e,1zvCpM1t2V89w4UT4Mmj_iVNJSZjIJvDd,mktg@adyatest.com,06884616684275021194,reader,INT,,0
0f3838b0-be97-46be-b3b5-82266578582e,1Zylu2ljNf-UMnCS0Hol0mI-qHq760HyJ,deepak@adyatest.com,08005348925248457086,writer,INT,,0
0f3838b0-be97-46be-b3b5-82266578582e,1Zylu2ljNf-UMnCS0Hol0mI-qHq760HyJ,engg@adyatest.com,05396706730572163622,writer,INT,,0
0f3838b0-be97-46be-b3b5-82266578582e,1Zylu2ljNf-UMnCS0Hol0mI-qHq760HyJ,engg_user_1@adyatest.com,00073409170730105766,owner,INT,,0
0f3838b0-be97-46be-b3b5-82266578582e,1_1Gj0lxYrewLOEqt2sci8kGDE9ueN65E,deepak@adyatest.com,08005348925248457086,owner,INT,,0
0f3838b0-be97-46be-b3b5-82266578582e,1_1Gj0lxYrewLOEqt2sci8kGDE9ueN65E,mktg@adyatest.com,06884616684275021194,writer,INT,,0
0f3838b0-be97-46be-b3b5-82266578582e,1_1Gj0lxYrewLOEqt2sci8kGDE9ueN65E,sales@adyatest.com,03673162328506403042,writer,INT,,0
0f3838b0-be97-46be-b3b5-82266578582e,1_j-fq2RIl3b3-k2b-L34NU7-eIXKPGB1,deepak@adyatest.com,08005348925248457086,owner,INT,,0
0f3838b0-be97-46be-b3b5-82266578582e,1_j-fq2RIl3b3-k2b-L34NU7-eIXKPGB1,mktg@adyatest.com,06884616684275021194,writer,INT,,0
0f3838b0-be97-46be-b3b5-82266578582e,1_j-fq2RIl3b3-k2b-L34NU7-eIXKPGB1,__ANYONE__@adyatest.com,09522562856373921280k,writer,DOMAIN,,0
0f3838b0-be97-46be-b3b5-82266578582e,1_oDJOFX3xKxg1eiSyqnEnCv_CwOkstztNIezjvTAT8o,deepak@adyatest.com,08005348925248457086,owner,INT,,0
0f3838b0-be97-46be-b3b5-82266578582e,1_oDJOFX3xKxg1eiSyqnEnCv_CwOkstztNIezjvTAT8o,mktg_user_1@adyatest.com,15769082913330939955,writer,INT,,0
0f3838b0-be97-46be-b3b5-82266578582e,1_PYyJe20Gdc-WBLOokOVrc5ayR70U99W,deepak@adyatest.com,08005348925248457086,writer,INT,,0
0f3838b0-be97-46be-b3b5-82266578582e,1_PYyJe20Gdc-WBLOokOVrc5ayR70U99W,sales@adyatest.com,03673162328506403042,writer,INT,,0
0f3838b0-be97-46be-b3b5-82266578582e,1_PYyJe20Gdc-WBLOokOVrc5ayR70U99W,sales_user_1@adyatest.com,11667871528211765552,owner,INT,,0